編號,地震時間,經度,緯度,規模,深度,最大震度,位置
364   ,2024-04-30 21:58:04,121.584,23.7323,4.3,6.9,3,花蓮縣政府南方  28.9  公里 (位於花蓮縣近海)(花蓮縣近海)
363   ,2024-04-30 17:35:29,121.258,23.8035,4.5,8.4,4,花蓮縣政府西南西方  42.3  公里 (位於花蓮縣萬榮鄉)(花蓮縣萬榮鄉)
小區域有感地震,2024-04-30 17:18:15,121.29,23.6517,3.7,6.2,2,花蓮縣政府西南方  50.4  公里 (位於花蓮縣萬榮鄉)(花蓮縣萬榮鄉)
小區域有感地震,2024-04-30 16:30:06,121.594,23.7738,3.9,8.5,3,花蓮縣政府南方  24.2  公里 (位於花蓮縣近海)(花蓮縣近海)
小區域有感地震,2024-04-30 12:07:49,121.649,24.1793,4.3,34.7,2,花蓮縣政府北方  21.1  公里 (位於花蓮縣秀林鄉)(花蓮縣秀林鄉)
小區域有感地震,2024-04-30 04:15:47,121.573,23.923,3.6,8.9,4,花蓮縣政府西南方  8.9  公里 (位於花蓮縣吉安鄉)(花蓮縣吉安鄉)
小區域有感地震,2024-04-30 01:13:24,121.705,23.9338,4.1,50.9,1,花蓮縣政府東南方  10.7  公里 (位於花蓮縣近海)(花蓮縣近海)
小區域有感地震,2024-04-30 00:57:24,121.709,24.2165,3.8,13.9,3,花蓮縣政府北北東方  26.6  公里 (位於花蓮縣近海)(花蓮縣近海)
362   ,2024-04-30 00:21:46,121.691,24.1018,4.8,22.8,4,花蓮縣政府北北東方  14.3  公里 (位於花蓮縣近海)(花蓮縣近海)
小區域有感地震,2024-04-29 23:21:58,121.694,24.2757,3.6,28.2,2,花蓮縣政府北北東方  32.4  公里 (位於花蓮縣秀林鄉)(花蓮縣秀林鄉)
小區域有感地震,2024-04-29 23:21:13,121.694,24.2772,4.5,29.6,3,花蓮縣政府北北東方  32.6  公里 (位於花蓮縣秀林鄉)(花蓮縣秀林鄉)
小區域有感地震,2024-04-29 19:43:31,120.885,24.2768,3.9,27.2,2,臺中市政府東北東方  25.9  公里 (位於臺中市和平區)(臺中市和平區)
小區域有感地震,2024-04-29 09:01:22,121.738,24.1843,3.5,21.2,2,花蓮縣政府北北東方  24.5  公里 (位於花蓮縣近海)(花蓮縣近海)
小區域有感地震,2024-04-29 07:44:11,121.513,23.7527,3.5,6.4,2,花蓮縣政府南南西方  28.6  公里 (位於花蓮縣壽豐鄉)(花蓮縣壽豐鄉)
小區域有感地震,2024-04-29 03:55:01,121.691,24.2587,3.9,29.4,2,花蓮縣政府北北東方  30.5  公里 (位於花蓮縣秀林鄉)(花蓮縣秀林鄉)
361   ,2024-04-29 01:40:21,121.664,24.149,5.1,37.1,3,花蓮縣政府北北東方  18.0  公里 (位於花蓮縣近海)(花蓮縣近海)
小區域有感地震,2024-04-28 21:05:20,121.566,23.9428,3.2,8.8,2,花蓮縣政府西南方  7.7  公里 (位於花蓮縣吉安鄉)(花蓮縣吉安鄉)
小區域有感地震,2024-04-28 20:18:30,121.751,23.9507,4.0,25.4,3,花蓮縣政府東南東方  14.1  公里 (位於臺灣東部海域)(臺灣東部海域)
360   ,2024-04-28 20:05:08,121.607,23.8218,4.2,26.1,3,花蓮縣政府南方  18.8  公里 (位於花蓮縣近海)(花蓮縣近海)
359   ,2024-04-28 16:13:49,121.686,24.2377,4.7,31.4,3,花蓮縣政府北北東方  28.1  公里 (位於花蓮縣秀林鄉)(花蓮縣秀林鄉)
小區域有感地震,2024-04-28 15:29:04,121.676,24.1075,3.8,40.9,1,花蓮縣政府北北東方  14.1  公里 (位於花蓮縣近海)(花蓮縣近海)
小區域有感地震,2024-04-28 12:02:10,121.7,24.1452,3.7,6.7,2,花蓮縣政府北北東方  18.9  公里 (位於花蓮縣近海)(花蓮縣近海)
小區域有感地震,2024-04-28 09:45:56,121.743,24.258,3.6,19.9,2,花蓮縣政府北北東方  32.1  公里 (位於花蓮縣近海)(花蓮縣近海)
小區域有感地震,2024-04-28 09:32:47,121.593,24.1955,3.5,19.6,2,花蓮縣政府北方  22.8  公里 (位於花蓮縣秀林鄉)(花蓮縣秀林鄉)
小區域有感地震,2024-04-28 08:31:55,121.573,23.7682,3.8,9.0,2,花蓮縣政府南南西方  25.1  公里 (位於花蓮縣近海)(花蓮縣近海)
358   ,2024-04-28 04:30:18,121.459,23.8835,4.5,16.5,4,花蓮縣政府西南西方  20.3  公里 (位於花蓮縣秀林鄉)(花蓮縣秀林鄉)
357   ,2024-04-28 03:24:10,121.609,23.9318,4.1,11.6,4,花蓮縣政府南方  6.6  公里 (位於花蓮縣近海)(花蓮縣近海)
小區域有感地震,2024-04-28 02:28:49,121.64,24.0153,4.0,28.4,3,花蓮縣政府東北方  3.4  公里 (位於花蓮縣近海)(花蓮縣近海)
小區域有感地震,2024-04-28 00:02:18,121.799,24.2642,3.5,24.1,2,花蓮縣政府北北東方  35.3  公里 (位於花蓮縣近海)(花蓮縣近海)
小區域有感地震,2024-04-27 23:09:14,121.573,23.7927,3.8,5.6,3,花蓮縣政府南南西方  22.5  公里 (位於花蓮縣近海)(花蓮縣近海)
小區域有感地震,2024-04-27 22:27:01,121.598,23.9065,3.2,9.9,2,花蓮縣政府南南西方  9.6  公里 (位於花蓮縣近海)(花蓮縣近海)
小區域有感地震,2024-04-27 20:06:00,121.683,24.2412,3.8,27.7,2,花蓮縣政府北北東方  28.4  公里 (位於花蓮縣秀林鄉)(花蓮縣秀林鄉)
小區域有感地震,2024-04-27 19:16:42,121.687,24.2555,4.2,28.1,2,花蓮縣政府北北東方  30.1  公里 (位於花蓮縣秀林鄉)(花蓮縣秀林鄉)
小區域有感地震,2024-04-27 15:56:59,121.667,24.2203,3.8,32.4,1,花蓮縣政府北北東方  25.8  公里 (位於花蓮縣秀林鄉)(花蓮縣秀林鄉)
小區域有感地震,2024-04-27 15:43:46,121.552,23.788,3.4,8.3,2,花蓮縣政府南南西方  23.5  公里 (位於花蓮縣壽豐鄉)(花蓮縣壽豐鄉)
小區域有感地震,2024-04-27 13:31:33,121.593,23.7505,3.6,4.3,1,花蓮縣政府南方  26.8  公里 (位於花蓮縣近海)(花蓮縣近海)
小區域有感地震,2024-04-27 12:09:09,121.815,24.267,4.0,23.5,2,花蓮縣政府東北方  36.4  公里 (位於花蓮縣近海)(花蓮縣近海)
小區域有感地震,2024-04-27 10:35:28,121.565,23.8628,3.4,8.6,2,花蓮縣政府南南西方  15.2  公里 (位於花蓮縣壽豐鄉)(花蓮縣壽豐鄉)
小區域有感地震,2024-04-27 09:38:04,121.834,24.155,3.7,22.9,2,花蓮縣政府東北方  28.3  公里 (位於臺灣東部海域)(臺灣東部海域)
356   ,2024-04-27 09:06:27,121.716,24.2035,4.7,14.6,4,花蓮縣政府北北東方  25.5  公里 (位於花蓮縣近海)(花蓮縣近海)
小區域有感地震,2024-04-27 07:37:13,121.646,24.2118,3.7,32.2,2,花蓮縣政府北方  24.6  公里 (位於花蓮縣秀林鄉)(花蓮縣秀林鄉)
小區域有感地震,2024-04-27 05:52:34,121.804,23.9433,4.1,20.9,2,花蓮縣政府東南東方  19.5  公里 (位於臺灣東部海域)(臺灣東部海域)
小區域有感地震,2024-04-27 04:08:16,122.044,24.1442,4.7,23.9,2,花蓮縣政府東北東方  46.3  公里 (位於臺灣東部海域)(臺灣東部海域)
小區域有感地震,2024-04-27 03:50:40,121.632,24.1862,3.7,34.7,2,花蓮縣政府北方  21.7  公里 (位於花蓮縣秀林鄉)(花蓮縣秀林鄉)
355   ,2024-04-27 03:13:28,121.662,24.1912,5.0,33.2,4,花蓮縣政府北北東方  22.6  公里 (位於花蓮縣近海)(花蓮縣近海)
354   ,2024-04-27 02:56:09,121.69,24.2477,4.5,30.3,3,花蓮縣政府北北東方  29.3  公里 (位於花蓮縣秀林鄉)(花蓮縣秀林鄉)
小區域有感地震,2024-04-27 02:50:33,121.686,24.2542,4.4,26.4,2,花蓮縣政府北北東方  29.9  公里 (位於花蓮縣秀林鄉)(花蓮縣秀林鄉)
353   ,2024-04-27 02:49:29,121.687,24.2505,6.0,29.4,4,花蓮縣政府北北東方  29.5  公里 (位於花蓮縣秀林鄉)(花蓮縣秀林鄉)
352   ,2024-04-27 02:45:04,121.658,24.1997,4.8,36.0,3,花蓮縣政府北方  23.4  公里 (位於花蓮縣秀林鄉)(花蓮縣秀林鄉)
小區域有感地震,2024-04-27 02:32:57,121.682,24.1868,4.1,34.2,3,花蓮縣政府北北東方  22.6  公里 (位於花蓮縣近海)(花蓮縣近海)
351   ,2024-04-27 02:21:24,121.675,24.1828,6.3,35.5,4,花蓮縣政府北北東方  22.0  公里 (位於花蓮縣近海)(花蓮縣近海)
小區域有感地震,2024-04-27 02:11:05,121.724,24.2317,3.1,11.1,2,花蓮縣政府北北東方  28.7  公里 (位於花蓮縣近海)(花蓮縣近海)
小區域有感地震,2024-04-27 01:05:48,121.726,24.2347,3.2,10.5,2,花蓮縣政府北北東方  29.0  公里 (位於花蓮縣近海)(花蓮縣近海)
小區域有感地震,2024-04-27 00:24:10,121.564,23.8367,3.6,8.7,2,花蓮縣政府南南西方  18.0  公里 (位於花蓮縣壽豐鄉)(花蓮縣壽豐鄉)
小區域有感地震,2024-04-26 20:29:33,121.54,23.798,3.6,4.5,3,花蓮縣政府南南西方  22.9  公里 (位於花蓮縣壽豐鄉)(花蓮縣壽豐鄉)
350   ,2024-04-26 20:29:03,121.543,23.798,4.3,5.8,4,花蓮縣政府南南西方  22.8  公里 (位於花蓮縣壽豐鄉)(花蓮縣壽豐鄉)
小區域有感地震,2024-04-26 20:28:51,121.545,23.7963,3.9,4.7,3,花蓮縣政府南南西方  22.9  公里 (位於花蓮縣壽豐鄉)(花蓮縣壽豐鄉)
349   ,2024-04-26 20:28:12,121.54,23.7998,5.0,5.1,4,花蓮縣政府南南西方  22.7  公里 (位於花蓮縣壽豐鄉)(花蓮縣壽豐鄉)
小區域有感地震,2024-04-26 14:06:12,121.503,23.6903,3.6,3.9,2,花蓮縣政府南南西方  35.4  公里 (位於花蓮縣光復鄉)(花蓮縣光復鄉)
小區域有感地震,2024-04-26 13:52:08,121.693,24.1887,3.3,16.9,2,花蓮縣政府北北東方  23.1  公里 (位於花蓮縣近海)(花蓮縣近海)
小區域有感地震,2024-04-26 12:49:46,121.419,23.2083,3.8,24.5,3,臺東縣政府北北東方  57.2  公里 (位於臺東縣近海)(臺東縣近海)
348   ,2024-04-26 12:43:49,121.614,23.916,4.1,11.1,4,花蓮縣政府南方  8.3  公里 (位於花蓮縣近海)(花蓮縣近海)
小區域有感地震,2024-04-26 05:24:38,121.571,23.8353,3.7,6.2,3,花蓮縣政府南南西方  18.0  公里 (位於花蓮縣壽豐鄉)(花蓮縣壽豐鄉)
小區域有感地震,2024-04-26 03:52:00,121.618,23.7162,3.8,7.1,2,花蓮縣政府南方  30.4  公里 (位於花蓮縣近海)(花蓮縣近海)
小區域有感地震,2024-04-26 00:42:53,121.795,24.1957,3.6,9.1,1,花蓮縣政府東北方  28.8  公里 (位於臺灣東部海域)(臺灣東部海域)
347   ,2024-04-26 00:20:41,121.662,24.2177,4.4,27.7,3,花蓮縣政府北方  25.5  公里 (位於花蓮縣秀林鄉)(花蓮縣秀林鄉)
小區域有感地震,2024-04-26 00:20:20,121.659,24.2132,4.1,28.4,2,花蓮縣政府北方  24.9  公里 (位於花蓮縣秀林鄉)(花蓮縣秀林鄉)
小區域有感地震,2024-04-25 23:28:43,121.712,24.2045,3.4,14.7,3,花蓮縣政府北北東方  25.4  公里 (位於花蓮縣近海)(花蓮縣近海)
小區域有感地震,2024-04-25 22:18:51,121.706,24.2112,3.2,12.8,2,花蓮縣政府北北東方  25.9  公里 (位於花蓮縣近海)(花蓮縣近海)
346   ,2024-04-25 22:17:34,121.709,24.209,4.3,14.4,4,花蓮縣政府北北東方  25.8  公里 (位於花蓮縣近海)(花蓮縣近海)
小區域有感地震,2024-04-25 21:44:35,121.668,24.2077,4.2,29.1,2,花蓮縣政府北北東方  24.5  公里 (位於花蓮縣近海)(花蓮縣近海)
小區域有感地震,2024-04-25 21:17:27,121.642,24.0617,3.8,36.7,1,花蓮縣政府北北東方  8.1  公里 (位於花蓮縣近海)(花蓮縣近海)
小區域有感地震,2024-04-25 20:55:16,121.571,23.7558,4.0,8.8,3,花蓮縣政府南南西方  26.5  公里 (位於花蓮縣近海)(花蓮縣近海)
小區域有感地震,2024-04-25 18:30:23,121.565,23.9078,3.8,5.3,3,花蓮縣政府南南西方  10.8  公里 (位於花蓮縣壽豐鄉)(花蓮縣壽豐鄉)
小區域有感地震,2024-04-25 17:06:57,121.573,23.8372,3.7,10.6,3,花蓮縣政府南南西方  17.7  公里 (位於花蓮縣壽豐鄉)(花蓮縣壽豐鄉)
小區域有感地震,2024-04-25 17:03:32,121.74,23.943,4.4,26.5,3,花蓮縣政府東南東方  13.3  公里 (位於臺灣東部海域)(臺灣東部海域)
小區域有感地震,2024-04-25 14:54:24,121.743,23.809,4.2,4.7,3,花蓮縣政府東南方  23.7  公里 (位於臺灣東部海域)(臺灣東部海域)
小區域有感地震,2024-04-25 14:49:10,121.581,23.7533,4.1,6.9,2,花蓮縣政府南方  26.6  公里 (位於花蓮縣近海)(花蓮縣近海)
小區域有感地震,2024-04-25 14:12:37,121.552,23.8122,3.4,11.0,2,花蓮縣政府南南西方  21.0  公里 (位於花蓮縣壽豐鄉)(花蓮縣壽豐鄉)
小區域有感地震,2024-04-25 13:30:28,121.546,23.7998,4.0,4.3,4,花蓮縣政府南南西方  22.5  公里 (位於花蓮縣壽豐鄉)(花蓮縣壽豐鄉)
小區域有感地震,2024-04-25 11:31:23,121.522,23.7503,3.0,7.9,2,花蓮縣政府南南西方  28.4  公里 (位於花蓮縣壽豐鄉)(花蓮縣壽豐鄉)
345   ,2024-04-25 09:43:50,121.582,23.688,4.1,7.3,4,花蓮縣政府南方  33.8  公里 (位於花蓮縣近海)(花蓮縣近海)
小區域有感地震,2024-04-25 09:29:36,121.575,23.7103,3.7,1.2,3,花蓮縣政府南方  31.4  公里 (位於花蓮縣近海)(花蓮縣近海)
344   ,2024-04-25 09:23:20,121.6,23.8282,4.8,6.9,3,花蓮縣政府南方  18.2  公里 (位於花蓮縣近海)(花蓮縣近海)
小區域有感地震,2024-04-25 08:48:19,121.594,23.706,4.0,8.1,4,花蓮縣政府南方  31.7  公里 (位於花蓮縣近海)(花蓮縣近海)
小區域有感地震,2024-04-25 08:42:13,121.59,23.7153,3.6,7.6,3,花蓮縣政府南方  30.7  公里 (位於花蓮縣近海)(花蓮縣近海)
小區域有感地震,2024-04-25 08:22:16,121.582,23.6947,3.5,6.8,3,花蓮縣政府南方  33.0  公里 (位於花蓮縣近海)(花蓮縣近海)
343   ,2024-04-25 08:19:13,121.589,23.6945,4.7,7.1,4,花蓮縣政府南方  33.0  公里 (位於花蓮縣近海)(花蓮縣近海)
342   ,2024-04-25 08:11:04,121.623,23.6952,4.2,1.5,4,花蓮縣政府南方  32.8  公里 (位於花蓮縣近海)(花蓮縣近海)
341   ,2024-04-25 07:53:34,121.61,23.918,4.5,7.1,5弱,花蓮縣政府南方  8.2  公里 (位於花蓮縣近海)(花蓮縣近海)
小區域有感地震,2024-04-25 06:11:48,121.57,23.8287,3.6,6.2,3,花蓮縣政府南南西方  18.7  公里 (位於花蓮縣壽豐鄉)(花蓮縣壽豐鄉)
小區域有感地震,2024-04-25 02:49:16,121.438,23.7782,4.1,13.2,3,花蓮縣政府西南方  30.0  公里 (位於花蓮縣萬榮鄉)(花蓮縣萬榮鄉)
小區域有感地震,2024-04-25 02:15:37,121.557,23.9283,3.7,7.9,3,花蓮縣政府西南方  9.5  公里 (位於花蓮縣吉安鄉)(花蓮縣吉安鄉)
340   ,2024-04-25 02:12:17,122.338,23.9983,5.7,22.8,3,花蓮縣政府東方  73.1  公里 (位於臺灣東部海域)(臺灣東部海域)
339   ,2024-04-25 02:11:54,122.336,23.9807,5.7,24.8,3,花蓮縣政府東方  72.8  公里 (位於臺灣東部海域)(臺灣東部海域)
小區域有感地震,2024-04-25 02:11:24,121.555,23.7753,3.7,9.2,2,花蓮縣政府南南西方  24.8  公里 (位於花蓮縣壽豐鄉)(花蓮縣壽豐鄉)
小區域有感地震,2024-04-25 01:48:19,121.561,23.8147,3.5,7.7,2,花蓮縣政府南南西方  20.4  公里 (位於花蓮縣壽豐鄉)(花蓮縣壽豐鄉)
小區域有感地震,2024-04-25 01:44:47,121.825,24.066,3.9,22.5,2,花蓮縣政府東北東方  22.4  公里 (位於臺灣東部海域)(臺灣東部海域)
小區域有感地震,2024-04-25 00:59:57,122.314,24.0112,4.9,23.4,2,花蓮縣政府東方  70.6  公里 (位於臺灣東部海域)(臺灣東部海域)
小區域有感地震,2024-04-25 00:57:26,121.568,23.8002,3.7,8.2,2,花蓮縣政府南南西方  21.8  公里 (位於花蓮縣近海)(花蓮縣近海)
小區域有感地震,2024-04-24 23:32:49,121.582,23.6875,3.9,5.5,3,花蓮縣政府南方  33.8  公里 (位於花蓮縣近海)(花蓮縣近海)
338   ,2024-04-24 21:37:42,121.569,23.7923,4.1,9.0,3,花蓮縣政府南南西方  22.6  公里 (位於花蓮縣近海)(花蓮縣近海)
小區域有感地震,2024-04-24 20:46:23,121.686,24.1957,4.0,32.5,2,花蓮縣政府北北東方  23.6  公里 (位於花蓮縣近海)(花蓮縣近海)
小區域有感地震,2024-04-24 20:32:21,121.551,23.777,3.5,7.6,2,花蓮縣政府南南西方  24.7  公里 (位於花蓮縣壽豐鄉)(花蓮縣壽豐鄉)
小區域有感地震,2024-04-24 20:04:18,121.58,23.856,3.7,8.6,3,花蓮縣政府南南西方  15.5  公里 (位於花蓮縣壽豐鄉)(花蓮縣壽豐鄉)
小區域有感地震,2024-04-24 19:22:29,121.431,23.7805,3.8,12.2,2,花蓮縣政府西南方  30.2  公里 (位於花蓮縣萬榮鄉)(花蓮縣萬榮鄉)
小區域有感地震,2024-04-24 18:24:53,121.584,23.8722,3.5,9.3,3,花蓮縣政府南南西方  13.7  公里 (位於花蓮縣壽豐鄉)(花蓮縣壽豐鄉)
小區域有感地震,2024-04-24 18:13:49,121.762,24.173,3.8,3.4,2,花蓮縣政府東北方  24.8  公里 (位於臺灣東部海域)(臺灣東部海域)
小區域有感地震,2024-04-24 17:38:17,121.614,23.9117,3.4,11.3,2,花蓮縣政府南方  8.8  公里 (位於花蓮縣近海)(花蓮縣近海)
小區域有感地震,2024-04-24 17:32:01,121.694,23.9228,3.6,26.6,2,花蓮縣政府東南方  10.7  公里 (位於花蓮縣近海)(花蓮縣近海)
337   ,2024-04-24 17:23:53,121.611,23.9202,4.5,10.8,4,花蓮縣政府南方  7.9  公里 (位於花蓮縣近海)(花蓮縣近海)
336   ,2024-04-24 16:31:31,121.861,24.269,4.2,9.1,3,花蓮縣政府東北方  39.4  公里 (位於臺灣東部海域)(臺灣東部海域)
335   ,2024-04-24 15:51:35,121.569,23.809,4.3,7.5,4,花蓮縣政府南南西方  20.8  公里 (位於花蓮縣壽豐鄉)(花蓮縣壽豐鄉)
小區域有感地震,2024-04-24 15:44:13,121.561,23.8083,3.6,7.3,2,花蓮縣政府南南西方  21.1  公里 (位於花蓮縣壽豐鄉)(花蓮縣壽豐鄉)
334   ,2024-04-24 15:30:53,121.565,23.8035,5.0,7.3,4,花蓮縣政府南南西方  21.5  公里 (位於花蓮縣壽豐鄉)(花蓮縣壽豐鄉)
小區域有感地震,2024-04-24 14:41:41,121.868,24.2687,3.5,10.5,2,花蓮縣政府東北方  39.7  公里 (位於臺灣東部海域)(臺灣東部海域)
小區域有感地震,2024-04-24 13:54:56,121.561,23.92,3.4,5.3,2,花蓮縣政府西南方  9.9  公里 (位於花蓮縣壽豐鄉)(花蓮縣壽豐鄉)
小區域有感地震,2024-04-24 13:10:03,121.57,23.8443,3.9,8.8,4,花蓮縣政府南南西方  17.0  公里 (位於花蓮縣壽豐鄉)(花蓮縣壽豐鄉)
333   ,2024-04-24 13:01:20,121.878,24.2683,4.8,14.0,4,花蓮縣政府東北方  40.4  公里 (位於臺灣東部海域)(臺灣東部海域)
332   ,2024-04-24 11:28:25,121.585,23.7393,4.7,8.3,4,花蓮縣政府南方  28.1  公里 (位於花蓮縣近海)(花蓮縣近海)
小區域有感地震,2024-04-24 11:06:27,121.592,23.7472,3.5,6.8,2,花蓮縣政府南方  27.2  公里 (位於花蓮縣近海)(花蓮縣近海)
小區域有感地震,2024-04-24 10:57:45,121.6,23.7412,3.9,7.2,3,花蓮縣政府南方  27.7  公里 (位於花蓮縣近海)(花蓮縣近海)
331   ,2024-04-24 09:53:56,121.658,23.9628,4.6,39.9,2,花蓮縣政府東南方  4.9  公里 (位於花蓮縣近海)(花蓮縣近海)
小區域有感地震,2024-04-24 09:46:43,121.628,23.9492,4.3,32.8,2,花蓮縣政府南方  4.7  公里 (位於花蓮縣近海)(花蓮縣近海)
小區域有感地震,2024-04-24 07:00:57,121.513,23.7277,3.7,8.8,3,花蓮縣政府南南西方  31.1  公里 (位於花蓮縣鳳林鎮)(花蓮縣鳳林鎮)
小區域有感地震,2024-04-24 06:44:29,121.579,24.5113,3.4,6.6,3,宜蘭縣政府西南方  30.6  公里 (位於宜蘭縣南澳鄉)(宜蘭縣南澳鄉)
小區域有感地震,2024-04-24 06:31:36,121.647,23.8357,4.3,8.0,3,花蓮縣政府南方  17.4  公里 (位於花蓮縣近海)(花蓮縣近海)
小區域有感地震,2024-04-24 05:55:23,121.69,23.9087,4.2,24.4,3,花蓮縣政府東南方  11.5  公里 (位於花蓮縣近海)(花蓮縣近海)
小區域有感地震,2024-04-24 05:14:39,121.573,23.9365,3.5,8.6,3,花蓮縣政府西南方  7.7  公里 (位於花蓮縣吉安鄉)(花蓮縣吉安鄉)
小區域有感地震,2024-04-24 04:58:45,121.572,23.8892,3.5,6.1,3,花蓮縣政府南南西方  12.3  公里 (位於花蓮縣壽豐鄉)(花蓮縣壽豐鄉)
小區域有感地震,2024-04-24 04:17:12,121.527,23.6987,3.9,2.4,2,花蓮縣政府南南西方  33.7  公里 (位於花蓮縣豐濱鄉)(花蓮縣豐濱鄉)
小區域有感地震,2024-04-24 04:06:11,121.594,23.8192,3.9,6.1,2,花蓮縣政府南方  19.2  公里 (位於花蓮縣近海)(花蓮縣近海)
小區域有感地震,2024-04-24 03:04:05,121.581,23.77,3.7,6.1,3,花蓮縣政府南方  24.8  公里 (位於花蓮縣近海)(花蓮縣近海)
小區域有感地震,2024-04-24 02:49:14,121.596,23.915,4.1,11.4,4,花蓮縣政府南南西方  8.8  公里 (位於花蓮縣壽豐鄉)(花蓮縣壽豐鄉)
小區域有感地震,2024-04-24 02:38:17,121.515,23.7168,3.7,7.3,3,花蓮縣政府南南西方  32.2  公里 (位於花蓮縣豐濱鄉)(花蓮縣豐濱鄉)
小區域有感地震,2024-04-24 02:17:57,121.692,24.1035,3.8,8.0,3,花蓮縣政府北北東方  14.4  公里 (位於花蓮縣近海)(花蓮縣近海)
小區域有感地震,2024-04-24 01:17:09,121.549,23.7825,3.6,5.7,2,花蓮縣政府南南西方  24.2  公里 (位於花蓮縣壽豐鄉)(花蓮縣壽豐鄉)
330   ,2024-04-24 01:12:15,121.541,23.757,4.5,6.5,4,花蓮縣政府南南西方  27.1  公里 (位於花蓮縣壽豐鄉)(花蓮縣壽豐鄉)
小區域有感地震,2024-04-24 00:09:01,121.582,23.933,3.2,8.9,3,花蓮縣政府南南西方  7.5  公里 (位於花蓮縣吉安鄉)(花蓮縣吉安鄉)
329   ,2024-04-24 00:02:21,121.674,24.1027,4.7,7.8,4,花蓮縣政府北北東方  13.5  公里 (位於花蓮縣近海)(花蓮縣近海)
小區域有感地震,2024-04-23 23:26:34,121.58,23.933,3.4,9.8,3,花蓮縣政府西南方  7.6  公里 (位於花蓮縣吉安鄉)(花蓮縣吉安鄉)
小區域有感地震,2024-04-23 23:07:37,121.571,23.9308,3.7,8.7,4,花蓮縣政府西南方  8.4  公里 (位於花蓮縣吉安鄉)(花蓮縣吉安鄉)
小區域有感地震,2024-04-23 22:54:11,121.535,23.7915,3.8,8.1,2,花蓮縣政府南南西方  23.7  公里 (位於花蓮縣壽豐鄉)(花蓮縣壽豐鄉)
小區域有感地震,2024-04-23 22:50:42,121.583,23.8552,3.8,9.0,3,花蓮縣政府南南西方  15.5  公里 (位於花蓮縣壽豐鄉)(花蓮縣壽豐鄉)
328   ,2024-04-23 21:29:56,121.6,23.9195,4.3,10.7,4,花蓮縣政府南南西方  8.2  公里 (位於花蓮縣壽豐鄉)(花蓮縣壽豐鄉)
327   ,2024-04-23 20:40:52,121.569,23.7923,4.8,7.5,4,花蓮縣政府南南西方  22.6  公里 (位於花蓮縣近海)(花蓮縣近海)
小區域有感地震,2024-04-23 20:34:08,121.617,23.8455,4.1,7.7,3,花蓮縣政府南方  16.1  公里 (位於花蓮縣近海)(花蓮縣近海)
小區域有感地震,2024-04-23 19:43:23,121.572,23.9422,4.0,7.4,3,花蓮縣政府西南方  7.3  公里 (位於花蓮縣吉安鄉)(花蓮縣吉安鄉)
326   ,2024-04-23 19:13:42,121.6,23.9087,4.7,10.2,4,花蓮縣政府南南西方  9.3  公里 (位於花蓮縣近海)(花蓮縣近海)
小區域有感地震,2024-04-23 19:08:50,121.482,23.7672,3.8,9.2,3,花蓮縣政府南南西方  28.5  公里 (位於花蓮縣鳳林鎮)(花蓮縣鳳林鎮)
小區域有感地震,2024-04-23 18:48:23,121.59,23.9277,3.6,9.5,3,花蓮縣政府南南西方  7.6  公里 (位於花蓮縣吉安鄉)(花蓮縣吉安鄉)
小區域有感地震,2024-04-23 18:36:21,121.555,23.9365,3.0,8.0,2,花蓮縣政府西南方  8.9  公里 (位於花蓮縣吉安鄉)(花蓮縣吉安鄉)
325   ,2024-04-23 18:31:42,121.596,23.8963,4.2,10.8,4,花蓮縣政府南南西方  10.8  公里 (位於花蓮縣近海)(花蓮縣近海)
小區域有感地震,2024-04-23 18:23:27,121.565,23.9282,3.7,9.7,3,花蓮縣政府西南方  9.0  公里 (位於花蓮縣吉安鄉)(花蓮縣吉安鄉)
324   ,2024-04-23 18:22:27,121.593,23.926,4.3,11.2,4,花蓮縣政府南南西方  7.7  公里 (位於花蓮縣吉安鄉)(花蓮縣吉安鄉)
小區域有感地震,2024-04-23 18:01:57,121.562,23.958,3.6,7.1,3,花蓮縣政府西南西方  7.0  公里 (位於花蓮縣吉安鄉)(花蓮縣吉安鄉)
小區域有感地震,2024-04-23 16:47:45,121.58,23.9187,3.5,4.5,3,花蓮縣政府南南西方  9.0  公里 (位於花蓮縣吉安鄉)(花蓮縣吉安鄉)
小區域有感地震,2024-04-23 16:32:10,121.547,23.735,3.1,7.5,2,花蓮縣政府南南西方  29.3  公里 (位於花蓮縣豐濱鄉)(花蓮縣豐濱鄉)
小區域有感地震,2024-04-23 15:33:36,121.564,23.8122,3.4,4.6,1,花蓮縣政府南南西方  20.6  公里 (位於花蓮縣壽豐鄉)(花蓮縣壽豐鄉)
小區域有感地震,2024-04-23 15:27:00,121.598,23.7435,4.0,8.0,2,花蓮縣政府南方  27.5  公里 (位於花蓮縣近海)(花蓮縣近海)
小區域有感地震,2024-04-23 14:22:24,121.569,23.9252,4.1,9.5,4,花蓮縣政府西南方  9.0  公里 (位於花蓮縣吉安鄉)(花蓮縣吉安鄉)
小區域有感地震,2024-04-23 14:08:31,121.576,23.7942,3.4,7.7,2,花蓮縣政府南南西方  22.3  公里 (位於花蓮縣近海)(花蓮縣近海)
小區域有感地震,2024-04-23 13:40:52,121.572,23.762,4.0,6.7,2,花蓮縣政府南南西方  25.8  公里 (位於花蓮縣近海)(花蓮縣近海)
323   ,2024-04-23 13:24:19,121.557,23.8495,4.1,7.2,4,花蓮縣政府南南西方  16.9  公里 (位於花蓮縣壽豐鄉)(花蓮縣壽豐鄉)
322   ,2024-04-23 13:08:07,121.521,23.7712,4.5,7.6,4,花蓮縣政府南南西方  26.4  公里 (位於花蓮縣壽豐鄉)(花蓮縣壽豐鄉)
小區域有感地震,2024-04-23 12:58:50,121.514,23.7625,3.5,6.3,2,花蓮縣政府南南西方  27.5  公里 (位於花蓮縣壽豐鄉)(花蓮縣壽豐鄉)
小區域有感地震,2024-04-23 12:56:02,121.64,23.8338,4.1,7.0,2,花蓮縣政府南方  17.5  公里 (位於花蓮縣近海)(花蓮縣近海)
小區域有感地震,2024-04-23 12:38:54,121.626,23.9207,3.2,8.8,2,花蓮縣政府南方  7.8  公里 (位於花蓮縣近海)(花蓮縣近海)
小區域有感地震,2024-04-23 12:25:29,121.584,23.8912,3.5,7.8,2,花蓮縣政府南南西方  11.7  公里 (位於花蓮縣壽豐鄉)(花蓮縣壽豐鄉)
小區域有感地震,2024-04-23 12:15:56,121.607,23.9135,4.0,10.4,3,花蓮縣政府南方  8.7  公里 (位於花蓮縣近海)(花蓮縣近海)
321   ,2024-04-23 11:44:02,121.562,23.8132,4.2,7.6,3,花蓮縣政府南南西方  20.6  公里 (位於花蓮縣壽豐鄉)(花蓮縣壽豐鄉)
小區域有感地震,2024-04-23 11:31:59,121.58,23.875,3.7,11.1,2,花蓮縣政府南南西方  13.5  公里 (位於花蓮縣壽豐鄉)(花蓮縣壽豐鄉)
小區域有感地震,2024-04-23 11:31:48,121.577,23.8717,3.7,10.0,2,花蓮縣政府南南西方  13.9  公里 (位於花蓮縣壽豐鄉)(花蓮縣壽豐鄉)
小區域有感地震,2024-04-23 11:15:39,121.561,23.9153,3.1,7.5,2,花蓮縣政府西南方  10.3  公里 (位於花蓮縣壽豐鄉)(花蓮縣壽豐鄉)
小區域有感地震,2024-04-23 11:15:26,121.555,23.9097,3.3,6.3,2,花蓮縣政府西南方  11.1  公里 (位於花蓮縣壽豐鄉)(花蓮縣壽豐鄉)
小區域有感地震,2024-04-23 10:57:38,121.497,23.7717,3.2,4.3,2,花蓮縣政府南南西方  27.3  公里 (位於花蓮縣壽豐鄉)(花蓮縣壽豐鄉)
小區域有感地震,2024-04-23 10:54:19,121.558,23.9125,3.5,7.0,3,花蓮縣政府西南方  10.8  公里 (位於花蓮縣壽豐鄉)(花蓮縣壽豐鄉)
小區域有感地震,2024-04-23 10:38:41,121.581,23.816,3.7,18.6,3,花蓮縣政府南南西方  19.8  公里 (位於花蓮縣近海)(花蓮縣近海)
小區域有感地震,2024-04-23 10:34:43,121.563,23.9088,3.4,6.3,3,花蓮縣政府西南方  10.8  公里 (位於花蓮縣壽豐鄉)(花蓮縣壽豐鄉)
320   ,2024-04-23 10:27:05,121.538,23.8538,4.6,6.9,4,花蓮縣政府南南西方  17.3  公里 (位於花蓮縣壽豐鄉)(花蓮縣壽豐鄉)
小區域有感地震,2024-04-23 10:25:34,121.574,23.8638,3.4,10.6,3,花蓮縣政府南南西方  14.9  公里 (位於花蓮縣壽豐鄉)(花蓮縣壽豐鄉)
319   ,2024-04-23 10:23:51,121.585,23.885,4.8,11.3,4,花蓮縣政府南南西方  12.3  公里 (位於花蓮縣壽豐鄉)(花蓮縣壽豐鄉)
小區域有感地震,2024-04-23 10:22:35,121.535,23.854,3.9,9.7,2,花蓮縣政府南南西方  17.5  公里 (位於花蓮縣壽豐鄉)(花蓮縣壽豐鄉)
318   ,2024-04-23 10:21:00,121.541,23.859,5.5,8.9,5弱,花蓮縣政府南南西方  16.7  公里 (位於花蓮縣壽豐鄉)(花蓮縣壽豐鄉)
小區域有感地震,2024-04-23 10:18:37,121.618,23.9182,3.8,10.6,3,花蓮縣政府南方  8.1  公里 (位於花蓮縣近海)(花蓮縣近海)
小區域有感地震,2024-04-23 10:08:15,121.572,23.9412,3.3,8.8,2,花蓮縣政府西南方  7.4  公里 (位於花蓮縣吉安鄉)(花蓮縣吉安鄉)
小區域有感地震,2024-04-23 10:07:28,121.549,23.825,3.9,9.3,3,花蓮縣政府南南西方  19.8  公里 (位於花蓮縣壽豐鄉)(花蓮縣壽豐鄉)
小區域有感地震,2024-04-23 10:05:12,121.564,23.8203,4.0,7.4,3,花蓮縣政府南南西方  19.8  公里 (位於花蓮縣壽豐鄉)(花蓮縣壽豐鄉)
小區域有感地震,2024-04-23 10:01:10,121.603,23.8907,3.9,11.5,3,花蓮縣政府南方  11.2  公里 (位於花蓮縣近海)(花蓮縣近海)
小區域有感地震,2024-04-23 09:48:08,121.581,23.8007,3.6,7.9,2,花蓮縣政府南南西方  21.5  公里 (位於花蓮縣近海)(花蓮縣近海)
小區域有感地震,2024-04-23 09:46:19,121.562,23.8585,4.0,9.2,4,花蓮縣政府南南西方  15.8  公里 (位於花蓮縣壽豐鄉)(花蓮縣壽豐鄉)
317   ,2024-04-23 09:45:45,121.575,23.814,5.4,7.4,4,花蓮縣政府南南西方  20.1  公里 (位於花蓮縣壽豐鄉)(花蓮縣壽豐鄉)
小區域有感地震,2024-04-23 09:37:34,121.554,23.8617,3.7,7.2,3,花蓮縣政府南南西方  15.8  公里 (位於花蓮縣壽豐鄉)(花蓮縣壽豐鄉)
小區域有感地震,2024-04-23 09:28:16,121.564,23.8392,3.7,8.4,3,花蓮縣政府南南西方  17.7  公里 (位於花蓮縣壽豐鄉)(花蓮縣壽豐鄉)
316   ,2024-04-23 09:22:43,121.531,23.855,4.8,8.5,4,花蓮縣政府南南西方  17.6  公里 (位於花蓮縣壽豐鄉)(花蓮縣壽豐鄉)
315   ,2024-04-23 09:22:18,121.509,23.7307,4.4,4.4,2,花蓮縣政府南南西方  31.0  公里 (位於花蓮縣鳳林鎮)(花蓮縣鳳林鎮)
小區域有感地震,2024-04-23 09:21:19,121.561,23.8565,3.7,6.9,3,花蓮縣政府南南西方  16.1  公里 (位於花蓮縣壽豐鄉)(花蓮縣壽豐鄉)
314   ,2024-04-23 09:19:33,121.533,23.8482,4.8,8.0,4,花蓮縣政府南南西方  18.1  公里 (位於花蓮縣壽豐鄉)(花蓮縣壽豐鄉)
小區域有感地震,2024-04-23 09:15:00,121.589,23.7132,4.1,8.6,2,花蓮縣政府南方  30.9  公里 (位於花蓮縣近海)(花蓮縣近海)
小區域有感地震,2024-04-23 09:13:42,121.519,23.7348,4.0,8.0,2,花蓮縣政府南南西方  30.2  公里 (位於花蓮縣豐濱鄉)(花蓮縣豐濱鄉)
小區域有感地震,2024-04-23 09:10:01,121.612,23.7095,4.3,7.8,2,花蓮縣政府南方  31.2  公里 (位於花蓮縣近海)(花蓮縣近海)
小區域有感地震,2024-04-23 09:08:36,121.576,23.9025,3.6,11.4,3,花蓮縣政府南南西方  10.8  公里 (位於花蓮縣壽豐鄉)(花蓮縣壽豐鄉)
小區域有感地震,2024-04-23 09:02:40,121.564,23.7545,3.7,7.8,2,花蓮縣政府南南西方  26.8  公里 (位於花蓮縣壽豐鄉)(花蓮縣壽豐鄉)
小區域有感地震,2024-04-23 08:57:25,121.581,23.92,3.5,12.1,3,花蓮縣政府南南西方  8.8  公里 (位於花蓮縣吉安鄉)(花蓮縣吉安鄉)
313   ,2024-04-23 08:55:29,121.534,23.8573,4.5,7.9,4,花蓮縣政府南南西方  17.2  公里 (位於花蓮縣壽豐鄉)(花蓮縣壽豐鄉)
小區域有感地震,2024-04-23 08:52:36,121.58,23.8978,3.0,10.9,2,花蓮縣政府南南西方  11.1  公里 (位於花蓮縣壽豐鄉)(花蓮縣壽豐鄉)
小區域有感地震,2024-04-23 08:50:56,121.64,23.8355,3.8,6.9,2,花蓮縣政府南方  17.3  公里 (位於花蓮縣近海)(花蓮縣近海)
小區域有感地震,2024-04-23 08:48:24,121.565,23.8825,3.0,6.1,3,花蓮縣政府南南西方  13.3  公里 (位於花蓮縣壽豐鄉)(花蓮縣壽豐鄉)
小區域有感地震,2024-04-23 08:47:58,121.564,23.817,3.3,8.3,2,花蓮縣政府南南西方  20.1  公里 (位於花蓮縣壽豐鄉)(花蓮縣壽豐鄉)
小區域有感地震,2024-04-23 08:46:36,121.577,23.8975,3.9,11.0,3,花蓮縣政府南南西方  11.2  公里 (位於花蓮縣壽豐鄉)(花蓮縣壽豐鄉)
小區域有感地震,2024-04-23 08:44:57,121.594,23.7972,3.5,7.8,2,花蓮縣政府南方  21.6  公里 (位於花蓮縣近海)(花蓮縣近海)
小區域有感地震,2024-04-23 08:42:32,121.584,23.899,3.0,9.2,3,花蓮縣政府南南西方  10.8  公里 (位於花蓮縣壽豐鄉)(花蓮縣壽豐鄉)
小區域有感地震,2024-04-23 08:35:32,121.559,23.8687,3.6,2.3,3,花蓮縣政府南南西方  14.9  公里 (位於花蓮縣壽豐鄉)(花蓮縣壽豐鄉)
小區域有感地震,2024-04-23 08:32:15,121.549,23.8308,3.9,8.0,2,花蓮縣政府南南西方  19.2  公里 (位於花蓮縣壽豐鄉)(花蓮縣壽豐鄉)
小區域有感地震,2024-04-23 08:28:37,121.494,23.8642,3.1,10.1,2,花蓮縣政府西南方  19.0  公里 (位於花蓮縣壽豐鄉)(花蓮縣壽豐鄉)
小區域有感地震,2024-04-23 08:27:36,121.545,23.8553,3.5,8.1,3,花蓮縣政府南南西方  16.9  公里 (位於花蓮縣壽豐鄉)(花蓮縣壽豐鄉)
小區域有感地震,2024-04-23 08:25:11,121.567,23.8483,3.5,9.6,2,花蓮縣政府南南西方  16.7  公里 (位於花蓮縣壽豐鄉)(花蓮縣壽豐鄉)
小區域有感地震,2024-04-23 08:24:58,121.563,23.8402,3.4,7.6,2,花蓮縣政府南南西方  17.7  公里 (位於花蓮縣壽豐鄉)(花蓮縣壽豐鄉)
小區域有感地震,2024-04-23 08:21:10,121.552,23.8637,4.0,7.3,3,花蓮縣政府南南西方  15.7  公里 (位於花蓮縣壽豐鄉)(花蓮縣壽豐鄉)
小區域有感地震,2024-04-23 08:20:20,121.584,23.9202,3.3,9.7,3,花蓮縣政府南南西方  8.7  公里 (位於花蓮縣吉安鄉)(花蓮縣吉安鄉)
小區域有感地震,2024-04-23 08:19:57,121.586,23.8657,3.4,10.3,2,花蓮縣政府南南西方  14.3  公里 (位於花蓮縣壽豐鄉)(花蓮縣壽豐鄉)
312   ,2024-04-23 08:16:28,121.549,23.8383,4.8,5.8,4,花蓮縣政府南南西方  18.4  公里 (位於花蓮縣壽豐鄉)(花蓮縣壽豐鄉)
311   ,2024-04-23 08:15:34,121.582,23.8832,4.7,10.4,4,花蓮縣政府南南西方  12.6  公里 (位於花蓮縣壽豐鄉)(花蓮縣壽豐鄉)
小區域有感地震,2024-04-23 08:13:36,121.559,23.8478,3.7,7.7,3,花蓮縣政府南南西方  17.0  公里 (位於花蓮縣壽豐鄉)(花蓮縣壽豐鄉)
小區域有感地震,2024-04-23 08:12:40,121.555,23.747,4.2,6.7,2,花蓮縣政府南南西方  27.8  公里 (位於花蓮縣豐濱鄉)(花蓮縣豐濱鄉)
310   ,2024-04-23 08:11:01,121.59,23.8878,5.2,11.6,4,花蓮縣政府南南西方  11.8  公里 (位於花蓮縣壽豐鄉)(花蓮縣壽豐鄉)
小區域有感地震,2024-04-23 08:10:33,121.545,23.9048,3.8,7.2,2,花蓮縣政府西南方  12.2  公里 (位於花蓮縣壽豐鄉)(花蓮縣壽豐鄉)
小區域有感地震,2024-04-23 08:10:09,121.528,23.8685,4.6,8.7,4,花蓮縣政府西南方  16.5  公里 (位於花蓮縣壽豐鄉)(花蓮縣壽豐鄉)
小區域有感地震,2024-04-23 08:08:04,121.418,23.7862,3.5,2.5,3,花蓮縣政府西南方  30.6  公里 (位於花蓮縣萬榮鄉)(花蓮縣萬榮鄉)
309   ,2024-04-23 08:06:29,121.559,23.8097,4.6,7.7,3,花蓮縣政府南南西方  21.0  公里 (位於花蓮縣壽豐鄉)(花蓮縣壽豐鄉)
308   ,2024-04-23 08:06:04,121.539,23.7967,4.8,7.4,4,花蓮縣政府南南西方  23.1  公里 (位於花蓮縣壽豐鄉)(花蓮縣壽豐鄉)
小區域有感地震,2024-04-23 08:04:49,121.558,23.8897,4.7,5.6,4,花蓮縣政府南南西方  12.9  公里 (位於花蓮縣壽豐鄉)(花蓮縣壽豐鄉)
小區域有感地震,2024-04-23 08:04:24,121.549,23.9052,5.4,7.0,4,花蓮縣政府西南方  11.9  公里 (位於花蓮縣壽豐鄉)(花蓮縣壽豐鄉)
307   ,2024-04-23 08:04:05,121.572,23.8352,6.1,11.7,6弱,花蓮縣政府南南西方  18.0  公里 (位於花蓮縣壽豐鄉)(花蓮縣壽豐鄉)
小區域有感地震,2024-04-23 08:03:49,121.584,23.7892,4.5,7.5,3,花蓮縣政府南方  22.6  公里 (位於花蓮縣近海)(花蓮縣近海)
小區域有感地震,2024-04-23 07:54:56,121.549,23.8662,3.6,10.2,2,花蓮縣政府南南西方  15.6  公里 (位於花蓮縣壽豐鄉)(花蓮縣壽豐鄉)
小區域有感地震,2024-04-23 07:45:33,121.565,23.9267,3.4,8.4,3,花蓮縣政府西南方  9.1  公里 (位於花蓮縣吉安鄉)(花蓮縣吉安鄉)
306   ,2024-04-23 07:38:45,121.568,23.9028,4.5,8.2,4,花蓮縣政府南南西方  11.1  公里 (位於花蓮縣壽豐鄉)(花蓮縣壽豐鄉)
小區域有感地震,2024-04-23 07:36:58,121.541,23.831,3.8,9.6,2,花蓮縣政府南南西方  19.5  公里 (位於花蓮縣壽豐鄉)(花蓮縣壽豐鄉)
305   ,2024-04-23 07:35:39,121.554,23.8335,4.7,8.9,4,花蓮縣政府南南西方  18.7  公里 (位於花蓮縣壽豐鄉)(花蓮縣壽豐鄉)
小區域有感地震,2024-04-23 07:31:22,121.558,23.733,3.6,7.9,2,花蓮縣政府南南西方  29.3  公里 (位於花蓮縣近海)(花蓮縣近海)
小區域有感地震,2024-04-23 07:21:45,121.485,23.7612,3.3,9.6,3,花蓮縣政府南南西方  28.9  公里 (位於花蓮縣鳳林鎮)(花蓮縣鳳林鎮)
304   ,2024-04-23 07:17:07,121.558,23.9098,4.2,7.8,4,花蓮縣政府西南方  11.0  公里 (位於花蓮縣壽豐鄉)(花蓮縣壽豐鄉)
小區域有感地震,2024-04-23 07:16:10,121.549,23.7465,4.2,6.6,2,花蓮縣政府南南西方  28.0  公里 (位於花蓮縣豐濱鄉)(花蓮縣豐濱鄉)
小區域有感地震,2024-04-23 07:03:32,121.601,23.8468,3.8,7.0,2,花蓮縣政府南方  16.1  公里 (位於花蓮縣近海)(花蓮縣近海)
303   ,2024-04-23 07:02:43,121.495,23.7323,4.8,4.3,4,花蓮縣政府南南西方  31.3  公里 (位於花蓮縣鳳林鎮)(花蓮縣鳳林鎮)
小區域有感地震,2024-04-23 07:01:58,121.562,23.8688,4.0,9.2,4,花蓮縣政府南南西方  14.8  公里 (位於花蓮縣壽豐鄉)(花蓮縣壽豐鄉)
302   ,2024-04-23 06:26:20,121.435,23.788,4.7,13.3,4,花蓮縣政府西南方  29.3  公里 (位於花蓮縣萬榮鄉)(花蓮縣萬榮鄉)
小區域有感地震,2024-04-23 06:21:05,121.513,23.7267,3.5,7.9,1,花蓮縣政府南南西方  31.2  公里 (位於花蓮縣鳳林鎮)(花蓮縣鳳林鎮)
小區域有感地震,2024-04-23 06:10:28,121.548,23.7968,3.3,8.8,2,花蓮縣政府南南西方  22.7  公里 (位於花蓮縣壽豐鄉)(花蓮縣壽豐鄉)
小區域有感地震,2024-04-23 06:05:30,121.544,23.7672,3.7,6.3,3,花蓮縣政府南南西方  26.0  公里 (位於花蓮縣壽豐鄉)(花蓮縣壽豐鄉)
小區域有感地震,2024-04-23 06:04:48,121.537,23.7962,4.1,7.7,3,花蓮縣政府南南西方  23.2  公里 (位於花蓮縣壽豐鄉)(花蓮縣壽豐鄉)
小區域有感地震,2024-04-23 05:58:13,121.563,23.7562,3.6,9.7,1,花蓮縣政府南南西方  26.7  公里 (位於花蓮縣壽豐鄉)(花蓮縣壽豐鄉)
小區域有感地震,2024-04-23 05:57:58,121.549,23.8292,3.0,9.7,2,花蓮縣政府南南西方  19.3  公里 (位於花蓮縣壽豐鄉)(花蓮縣壽豐鄉)
小區域有感地震,2024-04-23 05:50:29,121.508,23.9217,3.2,11.9,3,花蓮縣政府西南西方  13.8  公里 (位於花蓮縣壽豐鄉)(花蓮縣壽豐鄉)
301   ,2024-04-23 05:46:43,121.554,23.8162,4.3,7.3,4,花蓮縣政府南南西方  20.5  公里 (位於花蓮縣壽豐鄉)(花蓮縣壽豐鄉)
小區域有感地震,2024-04-23 05:45:24,121.519,23.743,3.6,5.9,2,花蓮縣政府南南西方  29.3  公里 (位於花蓮縣壽豐鄉)(花蓮縣壽豐鄉)
小區域有感地震,2024-04-23 05:43:33,121.585,23.7883,4.4,7.2,3,花蓮縣政府南方  22.7  公里 (位於花蓮縣近海)(花蓮縣近海)
小區域有感地震,2024-04-23 05:36:10,121.531,23.7273,3.7,7.7,1,花蓮縣政府南南西方  30.6  公里 (位於花蓮縣豐濱鄉)(花蓮縣豐濱鄉)
小區域有感地震,2024-04-23 05:31:44,121.51,23.7928,5.4,11.9,4,花蓮縣政府南南西方  24.7  公里 (位於花蓮縣壽豐鄉)(花蓮縣壽豐鄉)
300   ,2024-04-23 05:31:39,121.541,23.8518,5.7,7.7,5強,花蓮縣政府南南西方  17.4  公里 (位於花蓮縣壽豐鄉)(花蓮縣壽豐鄉)
299   ,2024-04-23 05:26:51,121.526,23.7443,4.2,8.2,4,花蓮縣政府南南西方  28.9  公里 (位於花蓮縣壽豐鄉)(花蓮縣壽豐鄉)
298   ,2024-04-23 05:26:22,121.51,23.7268,4.6,7.3,4,花蓮縣政府南南西方  31.3  公里 (位於花蓮縣鳳林鎮)(花蓮縣鳳林鎮)
297   ,2024-04-23 05:24:56,121.519,23.7422,4.9,6.6,4,花蓮縣政府南南西方  29.4  公里 (位於花蓮縣壽豐鄉)(花蓮縣壽豐鄉)
296   ,2024-04-23 05:24:31,121.528,23.7313,5.3,6.7,4,花蓮縣政府南南西方  30.2  公里 (位於花蓮縣豐濱鄉)(花蓮縣豐濱鄉)
295   ,2024-04-23 05:19:43,121.537,23.7573,5.7,5.8,5強,花蓮縣政府南南西方  27.2  公里 (位於花蓮縣壽豐鄉)(花蓮縣壽豐鄉)
小區域有感地震,2024-04-23 05:19:36,121.551,23.7788,5.3,9.7,5弱,花蓮縣政府南南西方  24.5  公里 (位於花蓮縣壽豐鄉)(花蓮縣壽豐鄉)
小區域有感地震,2024-04-23 05:16:37,121.531,23.753,3.9,6.7,3,花蓮縣政府南南西方  27.9  公里 (位於花蓮縣壽豐鄉)(花蓮縣壽豐鄉)
294   ,2024-04-23 05:14:47,121.523,23.7502,5.1,5.7,4,花蓮縣政府南南西方  28.5  公里 (位於花蓮縣壽豐鄉)(花蓮縣壽豐鄉)
293   ,2024-04-23 05:13:34,121.515,23.7488,4.3,5.6,4,花蓮縣政府南南西方  28.9  公里 (位於花蓮縣壽豐鄉)(花蓮縣壽豐鄉)
292   ,2024-04-23 05:11:00,121.546,23.7527,4.9,9.0,4,花蓮縣政府南南西方  27.4  公里 (位於花蓮縣豐濱鄉)(花蓮縣豐濱鄉)
291   ,2024-04-23 05:08:24,121.501,23.7207,4.5,1.1,3,花蓮縣政府南南西方  32.3  公里 (位於花蓮縣鳳林鎮)(花蓮縣鳳林鎮)
小區域有感地震,2024-04-23 05:07:47,121.547,23.8795,4.0,7.0,4,花蓮縣政府南南西方  14.4  公里 (位於花蓮縣壽豐鄉)(花蓮縣壽豐鄉)
290   ,2024-04-23 05:06:03,121.561,23.7512,4.7,6.6,3,花蓮縣政府南南西方  27.2  公里 (位於花蓮縣壽豐鄉)(花蓮縣壽豐鄉)
289   ,2024-04-23 05:04:21,121.507,23.7037,5.5,4.0,5弱,花蓮縣政府南南西方  33.8  公里 (位於花蓮縣豐濱鄉)(花蓮縣豐濱鄉)
288   ,2024-04-23 05:01:58,121.53,23.7203,4.4,6.0,3,花蓮縣政府南南西方  31.3  公里 (位於花蓮縣豐濱鄉)(花蓮縣豐濱鄉)
287   ,2024-04-23 04:53:29,121.51,23.7668,5.1,4.9,4,花蓮縣政府南南西方  27.3  公里 (位於花蓮縣壽豐鄉)(花蓮縣壽豐鄉)
286   ,2024-04-23 04:52:56,121.518,23.7713,5.4,6.7,4,花蓮縣政府南南西方  26.5  公里 (位於花蓮縣壽豐鄉)(花蓮縣壽豐鄉)
285   ,2024-04-23 04:49:58,121.564,23.736,5.8,8.8,5弱,花蓮縣政府南南西方  28.8  公里 (位於花蓮縣近海)(花蓮縣近海)
小區域有感地震,2024-04-23 04:42:37,121.566,23.7392,3.9,5.8,2,花蓮縣政府南南西方  28.4  公里 (位於花蓮縣近海)(花蓮縣近海)
小區域有感地震,2024-04-23 04:40:52,121.543,23.8643,3.0,9.1,1,花蓮縣政府南南西方  16.1  公里 (位於花蓮縣壽豐鄉)(花蓮縣壽豐鄉)
小區域有感地震,2024-04-23 04:34:28,121.559,23.7562,3.8,7.6,2,花蓮縣政府南南西方  26.7  公里 (位於花蓮縣壽豐鄉)(花蓮縣壽豐鄉)
小區域有感地震,2024-04-23 04:30:48,121.527,23.7622,3.9,7.8,3,花蓮縣政府南南西方  27.1  公里 (位於花蓮縣壽豐鄉)(花蓮縣壽豐鄉)
小區域有感地震,2024-04-23 04:20:17,121.579,23.9213,2.8,10.3,2,花蓮縣政府南南西方  8.8  公里 (位於花蓮縣吉安鄉)(花蓮縣吉安鄉)
284   ,2024-04-23 04:12:26,121.59,23.823,4.3,6.7,3,花蓮縣政府南方  18.9  公里 (位於花蓮縣近海)(花蓮縣近海)
小區域有感地震,2024-04-23 04:11:20,121.571,23.7985,4.4,11.3,4,花蓮縣政府南南西方  21.9  公里 (位於花蓮縣近海)(花蓮縣近海)
283   ,2024-04-23 04:10:47,121.523,23.7658,4.2,7.3,2,花蓮縣政府南南西方  26.8  公里 (位於花蓮縣壽豐鄉)(花蓮縣壽豐鄉)
282   ,2024-04-23 04:07:03,121.553,23.8245,4.6,8.3,4,花蓮縣政府南南西方  19.7  公里 (位於花蓮縣壽豐鄉)(花蓮縣壽豐鄉)
小區域有感地震,2024-04-23 04:05:12,121.507,23.7902,3.9,1.6,2,花蓮縣政府南南西方  25.0  公里 (位於花蓮縣壽豐鄉)(花蓮縣壽豐鄉)
小區域有感地震,2024-04-23 04:04:52,121.555,23.8652,3.9,8.1,3,花蓮縣政府南南西方  15.4  公里 (位於花蓮縣壽豐鄉)(花蓮縣壽豐鄉)
281   ,2024-04-23 04:03:07,121.604,23.828,5.2,8.1,4,花蓮縣政府南方  18.1  公里 (位於花蓮縣近海)(花蓮縣近海)
小區域有感地震,2024-04-23 04:01:40,121.558,23.8875,3.9,6.6,3,花蓮縣政府南南西方  13.1  公里 (位於花蓮縣壽豐鄉)(花蓮縣壽豐鄉)
280   ,2024-04-23 03:57:27,121.602,23.8377,4.4,7.7,3,花蓮縣政府南方  17.1  公里 (位於花蓮縣近海)(花蓮縣近海)
小區域有感地震,2024-04-23 03:50:39,121.548,23.8388,3.9,7.1,3,花蓮縣政府南南西方  18.4  公里 (位於花蓮縣壽豐鄉)(花蓮縣壽豐鄉)
小區域有感地震,2024-04-23 03:48:30,121.632,23.8325,3.6,7.9,2,花蓮縣政府南方  17.6  公里 (位於花蓮縣近海)(花蓮縣近海)
小區域有感地震,2024-04-23 03:39:05,121.583,23.8105,3.8,12.1,2,花蓮縣政府南南西方  20.3  公里 (位於花蓮縣近海)(花蓮縣近海)
279   ,2024-04-23 03:34:05,121.56,23.7847,5.0,6.8,4,花蓮縣政府南南西方  23.7  公里 (位於花蓮縣壽豐鄉)(花蓮縣壽豐鄉)
278   ,2024-04-23 03:28:32,121.535,23.7957,5.1,5.4,4,花蓮縣政府南南西方  23.3  公里 (位於花蓮縣壽豐鄉)(花蓮縣壽豐鄉)
277   ,2024-04-23 03:24:13,121.547,23.8888,4.3,9.2,4,花蓮縣政府西南方  13.5  公里 (位於花蓮縣壽豐鄉)(花蓮縣壽豐鄉)
276   ,2024-04-23 03:20:11,121.543,23.8662,5.2,10.3,4,花蓮縣政府南南西方  15.9  公里 (位於花蓮縣壽豐鄉)(花蓮縣壽豐鄉)
275   ,2024-04-23 03:19:54,121.555,23.8642,5.2,7.9,4,花蓮縣政府南南西方  15.5  公里 (位於花蓮縣壽豐鄉)(花蓮縣壽豐鄉)
小區域有感地震,2024-04-23 03:18:33,121.557,23.8918,3.9,6.1,3,花蓮縣政府南南西方  12.7  公里 (位於花蓮縣壽豐鄉)(花蓮縣壽豐鄉)
274   ,2024-04-23 03:17:22,121.557,23.7372,4.2,8.0,2,花蓮縣政府南南西方  28.8  公里 (位於花蓮縣近海)(花蓮縣近海)
小區域有感地震,2024-04-23 03:16:19,121.586,23.7752,3.5,7.5,2,花蓮縣政府南方  24.2  公里 (位於花蓮縣近海)(花蓮縣近海)
273   ,2024-04-23 03:13:40,121.535,23.8542,4.8,7.8,4,花蓮縣政府南南西方  17.4  公里 (位於花蓮縣壽豐鄉)(花蓮縣壽豐鄉)
小區域有感地震,2024-04-23 03:07:14,121.559,23.7788,4.1,8.2,2,花蓮縣政府南南西方  24.3  公里 (位於花蓮縣壽豐鄉)(花蓮縣壽豐鄉)
小區域有感地震,2024-04-23 03:06:05,121.571,23.789,3.7,8.1,2,花蓮縣政府南南西方  22.9  公里 (位於花蓮縣近海)(花蓮縣近海)
272   ,2024-04-23 03:00:16,121.567,23.8492,4.4,7.8,4,花蓮縣政府南南西方  16.6  公里 (位於花蓮縣壽豐鄉)(花蓮縣壽豐鄉)
小區域有感地震,2024-04-23 02:59:13,121.605,23.8472,3.3,6.6,2,花蓮縣政府南方  16.0  公里 (位於花蓮縣近海)(花蓮縣近海)
271   ,2024-04-23 02:56:50,121.539,23.8282,4.3,7.5,4,花蓮縣政府南南西方  19.8  公里 (位於花蓮縣壽豐鄉)(花蓮縣壽豐鄉)
小區域有感地震,2024-04-23 02:56:32,121.551,23.8872,3.3,5.1,2,花蓮縣政府南南西方  13.5  公里 (位於花蓮縣壽豐鄉)(花蓮縣壽豐鄉)
小區域有感地震,2024-04-23 02:52:39,121.555,23.8507,3.6,10.6,3,花蓮縣政府南南西方  16.9  公里 (位於花蓮縣壽豐鄉)(花蓮縣壽豐鄉)
小區域有感地震,2024-04-23 02:47:10,121.552,23.8833,3.8,10.6,3,花蓮縣政府南南西方  13.8  公里 (位於花蓮縣壽豐鄉)(花蓮縣壽豐鄉)
270   ,2024-04-23 02:44:23,121.532,23.8667,4.7,7.5,4,花蓮縣政府西南方  16.4  公里 (位於花蓮縣壽豐鄉)(花蓮縣壽豐鄉)
269   ,2024-04-23 02:39:45,121.565,23.8082,4.8,6.4,3,花蓮縣政府南南西方  21.0  公里 (位於花蓮縣壽豐鄉)(花蓮縣壽豐鄉)
268   ,2024-04-23 02:35:43,121.537,23.8827,4.7,5.6,4,花蓮縣政府西南方  14.6  公里 (位於花蓮縣壽豐鄉)(花蓮縣壽豐鄉)
267   ,2024-04-23 02:32:48,121.521,23.8482,6.2,7.7,5弱,花蓮縣政府西南方  18.8  公里 (位於花蓮縣壽豐鄉)(花蓮縣壽豐鄉)
266   ,2024-04-23 02:26:52,121.613,23.74,6.1,9.2,5弱,花蓮縣政府南方  27.8  公里 (位於花蓮縣近海)(花蓮縣近海)
265   ,2024-04-23 02:12:01,121.528,23.7877,4.1,7.3,3,花蓮縣政府南南西方  24.4  公里 (位於花蓮縣壽豐鄉)(花蓮縣壽豐鄉)
小區域有感地震,2024-04-23 02:07:52,121.558,23.7395,3.9,8.5,2,花蓮縣政府南南西方  28.6  公里 (位於花蓮縣近海)(花蓮縣近海)
小區域有感地震,2024-04-23 01:52:25,121.565,23.7545,3.9,7.4,2,花蓮縣政府南南西方  26.8  公里 (位於花蓮縣壽豐鄉)(花蓮縣壽豐鄉)
小區域有感地震,2024-04-23 01:48:21,121.556,23.7377,3.7,7.6,2,花蓮縣政府南南西方  28.8  公里 (位於花蓮縣近海)(花蓮縣近海)
小區域有感地震,2024-04-23 01:42:33,121.558,23.7498,3.9,7.0,2,花蓮縣政府南南西方  27.5  公里 (位於花蓮縣壽豐鄉)(花蓮縣壽豐鄉)
264   ,2024-04-23 01:40:24,121.557,23.7273,4.6,7.1,4,花蓮縣政府南南西方  29.9  公里 (位於花蓮縣近海)(花蓮縣近海)
小區域有感地震,2024-04-23 01:39:49,121.511,23.7508,3.7,7.2,2,花蓮縣政府南南西方  28.8  公里 (位於花蓮縣壽豐鄉)(花蓮縣壽豐鄉)
小區域有感地震,2024-04-23 01:39:41,121.493,23.7243,3.7,5.0,2,花蓮縣政府南南西方  32.2  公里 (位於花蓮縣鳳林鎮)(花蓮縣鳳林鎮)
小區域有感地震,2024-04-23 01:33:59,121.549,23.725,3.3,7.9,1,花蓮縣政府南南西方  30.3  公里 (位於花蓮縣近海)(花蓮縣近海)
小區域有感地震,2024-04-23 01:32:39,121.56,23.785,3.8,7.7,2,花蓮縣政府南南西方  23.6  公里 (位於花蓮縣壽豐鄉)(花蓮縣壽豐鄉)
小區域有感地震,2024-04-23 01:14:50,121.496,23.7048,3.8,6.5,3,花蓮縣政府南南西方  34.1  公里 (位於花蓮縣光復鄉)(花蓮縣光復鄉)
小區域有感地震,2024-04-23 00:53:51,121.518,23.7763,3.6,6.8,2,花蓮縣政府南南西方  26.0  公里 (位於花蓮縣壽豐鄉)(花蓮縣壽豐鄉)
263   ,2024-04-23 00:49:58,121.423,23.7672,4.0,14.1,3,花蓮縣政府西南方  31.9  公里 (位於花蓮縣萬榮鄉)(花蓮縣萬榮鄉)
262   ,2024-04-23 00:48:17,121.591,24.1957,4.3,19.6,4,花蓮縣政府北方  22.9  公里 (位於花蓮縣秀林鄉)(花蓮縣秀林鄉)
261   ,2024-04-23 00:45:25,121.578,23.7912,4.5,8.6,4,花蓮縣政府南南西方  22.5  公里 (位於花蓮縣近海)(花蓮縣近海)
260   ,2024-04-23 00:33:05,121.617,23.8255,4.9,37.4,3,花蓮縣政府南方  18.3  公里 (位於花蓮縣近海)(花蓮縣近海)
小區域有感地震,2024-04-23 00:30:45,121.534,23.777,3.4,7.9,2,花蓮縣政府南南西方  25.3  公里 (位於花蓮縣壽豐鄉)(花蓮縣壽豐鄉)
小區域有感地震,2024-04-23 00:11:50,121.519,23.7672,3.4,8.1,2,花蓮縣政府南南西方  26.8  公里 (位於花蓮縣壽豐鄉)(花蓮縣壽豐鄉)
259   ,2024-04-23 00:06:30,121.53,23.7338,4.5,4.9,4,花蓮縣政府南南西方  29.9  公里 (位於花蓮縣豐濱鄉)(花蓮縣豐濱鄉)
258   ,2024-04-23 00:01:58,121.509,23.7605,4.8,5.3,4,花蓮縣政府南南西方  27.9  公里 (位於花蓮縣壽豐鄉)(花蓮縣壽豐鄉)
257   ,2024-04-23 00:01:26,121.516,23.7568,4.6,6.7,4,花蓮縣政府南南西方  28.0  公里 (位於花蓮縣壽豐鄉)(花蓮縣壽豐鄉)
小區域有感地震,2024-04-22 23:59:52,121.533,23.7413,3.7,6.7,2,花蓮縣政府南南西方  29.0  公里 (位於花蓮縣壽豐鄉)(花蓮縣壽豐鄉)
小區域有感地震,2024-04-22 23:57:04,121.521,23.7593,4.2,8.2,2,花蓮縣政府南南西方  27.6  公里 (位於花蓮縣壽豐鄉)(花蓮縣壽豐鄉)
256   ,2024-04-22 23:56:44,121.516,23.7612,4.8,8.5,4,花蓮縣政府南南西方  27.6  公里 (位於花蓮縣壽豐鄉)(花蓮縣壽豐鄉)
255   ,2024-04-22 23:45:38,121.59,24.1917,4.4,19.0,4,花蓮縣政府北方  22.4  公里 (位於花蓮縣秀林鄉)(花蓮縣秀林鄉)
小區域有感地震,2024-04-22 23:37:40,121.516,23.8447,3.2,8.8,2,花蓮縣政府西南方  19.3  公里 (位於花蓮縣壽豐鄉)(花蓮縣壽豐鄉)
小區域有感地震,2024-04-22 23:27:07,121.555,23.7647,3.3,7.3,2,花蓮縣政府南南西方  25.9  公里 (位於花蓮縣壽豐鄉)(花蓮縣壽豐鄉)
小區域有感地震,2024-04-22 23:23:20,121.557,23.7692,3.6,7.2,2,花蓮縣政府南南西方  25.4  公里 (位於花蓮縣壽豐鄉)(花蓮縣壽豐鄉)
小區域有感地震,2024-04-22 23:18:46,121.546,23.8273,3.1,8.3,2,花蓮縣政府南南西方  19.6  公里 (位於花蓮縣壽豐鄉)(花蓮縣壽豐鄉)
254   ,2024-04-22 23:14:59,121.541,23.8217,4.2,7.6,4,花蓮縣政府南南西方  20.4  公里 (位於花蓮縣壽豐鄉)(花蓮縣壽豐鄉)
小區域有感地震,2024-04-22 22:57:04,121.567,23.775,3.5,6.8,2,花蓮縣政府南南西方  24.5  公里 (位於花蓮縣近海)(花蓮縣近海)
小區域有感地震,2024-04-22 22:53:32,121.583,23.7965,3.3,9.7,2,花蓮縣政府南方  21.9  公里 (位於花蓮縣近海)(花蓮縣近海)
小區域有感地震,2024-04-22 22:44:36,121.566,23.794,3.8,8.3,3,花蓮縣政府南南西方  22.5  公里 (位於花蓮縣近海)(花蓮縣近海)
253   ,2024-04-22 22:27:59,121.5,23.7542,4.2,6.2,3,花蓮縣政府南南西方  28.9  公里 (位於花蓮縣鳳林鎮)(花蓮縣鳳林鎮)
小區域有感地震,2024-04-22 22:27:12,121.582,23.7218,4.1,7.6,2,花蓮縣政府南方  30.1  公里 (位於花蓮縣近海)(花蓮縣近海)
252   ,2024-04-22 22:20:10,121.571,23.733,4.8,8.0,4,花蓮縣政府南方  29.0  公里 (位於花蓮縣近海)(花蓮縣近海)
小區域有感地震,2024-04-22 22:16:54,121.503,23.745,4.3,3.7,2,花蓮縣政府南南西方  29.8  公里 (位於花蓮縣鳳林鎮)(花蓮縣鳳林鎮)
小區域有感地震,2024-04-22 22:16:37,121.512,23.8508,3.5,8.9,2,花蓮縣政府西南方  19.0  公里 (位於花蓮縣壽豐鄉)(花蓮縣壽豐鄉)
小區域有感地震,2024-04-22 22:16:11,121.5,23.715,4.1,3.5,2,花蓮縣政府南南西方  32.9  公里 (位於花蓮縣鳳林鎮)(花蓮縣鳳林鎮)
251   ,2024-04-22 22:13:59,121.521,23.7587,4.3,7.5,3,花蓮縣政府南南西方  27.6  公里 (位於花蓮縣壽豐鄉)(花蓮縣壽豐鄉)
小區域有感地震,2024-04-22 22:13:34,121.475,23.7418,4.5,2.7,2,花蓮縣政府南南西方  31.3  公里 (位於花蓮縣鳳林鎮)(花蓮縣鳳林鎮)
250   ,2024-04-22 22:12:42,121.497,23.7365,4.8,3.9,3,花蓮縣政府南南西方  30.8  公里 (位於花蓮縣鳳林鎮)(花蓮縣鳳林鎮)
249   ,2024-04-22 22:12:14,121.513,23.7522,4.8,7.8,3,花蓮縣政府南南西方  28.6  公里 (位於花蓮縣壽豐鄉)(花蓮縣壽豐鄉)
248   ,2024-04-22 22:11:24,121.502,23.7752,5.9,8.6,4,花蓮縣政府南南西方  26.8  公里 (位於花蓮縣壽豐鄉)(花蓮縣壽豐鄉)
小區域有感地震,2024-04-22 22:06:35,121.553,23.8597,3.8,9.7,3,花蓮縣政府南南西方  16.1  公里 (位於花蓮縣壽豐鄉)(花蓮縣壽豐鄉)
247   ,2024-04-22 21:42:57,121.583,23.791,4.9,9.0,4,花蓮縣政府南方  22.5  公里 (位於花蓮縣近海)(花蓮縣近海)
小區域有感地震,2024-04-22 21:24:13,121.536,23.6987,4.1,5.0,3,花蓮縣政府南南西方  33.5  公里 (位於花蓮縣豐濱鄉)(花蓮縣豐濱鄉)
小區域有感地震,2024-04-22 21:19:47,121.567,23.7755,3.6,8.3,2,花蓮縣政府南南西方  24.5  公里 (位於花蓮縣近海)(花蓮縣近海)
小區域有感地震,2024-04-22 21:14:23,121.511,23.7495,4.0,10.2,1,花蓮縣政府南南西方  29.0  公里 (位於花蓮縣壽豐鄉)(花蓮縣壽豐鄉)
246   ,2024-04-22 21:13:40,121.53,23.6975,5.4,5.9,6強,花蓮縣政府南南西方  33.8  公里 (位於花蓮縣豐濱鄉)(花蓮縣豐濱鄉)
245   ,2024-04-22 21:02:22,121.533,23.7612,4.6,7.9,4,花蓮縣政府南南西方  27.0  公里 (位於花蓮縣壽豐鄉)(花蓮縣壽豐鄉)
244   ,2024-04-22 21:00:43,121.501,23.7283,4.9,6.2,4,花蓮縣政府南南西方  31.5  公里 (位於花蓮縣鳳林鎮)(花蓮縣鳳林鎮)
小區域有感地震,2024-04-22 20:58:29,121.542,23.7763,3.7,4.7,2,花蓮縣政府南南西方  25.1  公里 (位於花蓮縣壽豐鄉)(花蓮縣壽豐鄉)
小區域有感地震,2024-04-22 20:46:05,121.522,23.7562,3.8,6.8,2,花蓮縣政府南南西方  27.9  公里 (位於花蓮縣壽豐鄉)(花蓮縣壽豐鄉)
243   ,2024-04-22 20:23:23,121.501,23.8228,4.6,8.6,3,花蓮縣政府西南方  22.2  公里 (位於花蓮縣壽豐鄉)(花蓮縣壽豐鄉)
小區域有感地震,2024-04-22 20:20:23,121.474,23.7445,3.8,2.0,2,花蓮縣政府南南西方  31.1  公里 (位於花蓮縣鳳林鎮)(花蓮縣鳳林鎮)
小區域有感地震,2024-04-22 20:15:54,121.56,23.779,3.4,7.6,1,花蓮縣政府南南西方  24.3  公里 (位於花蓮縣壽豐鄉)(花蓮縣壽豐鄉)
小區域有感地震,2024-04-22 20:13:33,121.504,23.7255,4.2,5.0,2,花蓮縣政府南南西方  31.7  公里 (位於花蓮縣鳳林鎮)(花蓮縣鳳林鎮)
小區域有感地震,2024-04-22 20:01:58,121.52,23.7292,3.7,2.1,2,花蓮縣政府南南西方  30.7  公里 (位於花蓮縣豐濱鄉)(花蓮縣豐濱鄉)
小區域有感地震,2024-04-22 19:57:09,121.545,23.7637,3.7,8.1,2,花蓮縣政府南南西方  26.3  公里 (位於花蓮縣壽豐鄉)(花蓮縣壽豐鄉)
小區域有感地震,2024-04-22 19:56:20,121.544,23.7693,3.7,7.1,2,花蓮縣政府南南西方  25.7  公里 (位於花蓮縣壽豐鄉)(花蓮縣壽豐鄉)
小區域有感地震,2024-04-22 19:48:33,121.525,23.717,3.9,6.1,2,花蓮縣政府南南西方  31.9  公里 (位於花蓮縣豐濱鄉)(花蓮縣豐濱鄉)
242   ,2024-04-22 19:47:33,121.526,23.7497,4.4,7.2,3,花蓮縣政府南南西方  28.4  公里 (位於花蓮縣壽豐鄉)(花蓮縣壽豐鄉)
241   ,2024-04-22 19:45:35,121.542,23.7172,5.1,3.8,5弱,花蓮縣政府南南西方  31.4  公里 (位於花蓮縣豐濱鄉)(花蓮縣豐濱鄉)
240   ,2024-04-22 19:44:00,121.556,23.7675,4.9,7.5,4,花蓮縣政府南南西方  25.6  公里 (位於花蓮縣壽豐鄉)(花蓮縣壽豐鄉)
小區域有感地震,2024-04-22 19:37:52,121.543,23.7843,4.1,5.6,3,花蓮縣政府南南西方  24.2  公里 (位於花蓮縣壽豐鄉)(花蓮縣壽豐鄉)
小區域有感地震,2024-04-22 19:36:55,121.495,23.7718,3.7,8.1,2,花蓮縣政府南南西方  27.4  公里 (位於花蓮縣壽豐鄉)(花蓮縣壽豐鄉)
239   ,2024-04-22 19:36:38,121.506,23.732,4.4,5.0,3,花蓮縣政府南南西方  30.9  公里 (位於花蓮縣鳳林鎮)(花蓮縣鳳林鎮)
238   ,2024-04-22 19:34:29,121.506,23.7692,4.9,9.0,4,花蓮縣政府南南西方  27.2  公里 (位於花蓮縣壽豐鄉)(花蓮縣壽豐鄉)
237   ,2024-04-22 19:25:57,121.533,23.7343,5.2,5.1,4,花蓮縣政府南南西方  29.8  公里 (位於花蓮縣豐濱鄉)(花蓮縣豐濱鄉)
236   ,2024-04-22 19:25:13,121.509,23.725,4.9,2.6,5弱,花蓮縣政府南南西方  31.6  公里 (位於花蓮縣鳳林鎮)(花蓮縣鳳林鎮)
235   ,2024-04-22 19:22:52,121.523,23.7408,4.4,7.3,4,花蓮縣政府南南西方  29.4  公里 (位於花蓮縣壽豐鄉)(花蓮縣壽豐鄉)
234   ,2024-04-22 19:22:08,121.509,23.7762,5.0,7.9,4,花蓮縣政府南南西方  26.4  公里 (位於花蓮縣壽豐鄉)(花蓮縣壽豐鄉)
小區域有感地震,2024-04-22 19:20:24,121.51,23.745,3.7,5.9,2,花蓮縣政府南南西方  29.5  公里 (位於花蓮縣壽豐鄉)(花蓮縣壽豐鄉)
小區域有感地震,2024-04-22 19:16:59,121.526,23.7558,3.7,6.6,2,花蓮縣政府南南西方  27.7  公里 (位於花蓮縣壽豐鄉)(花蓮縣壽豐鄉)
233   ,2024-04-22 19:13:47,121.568,23.7733,4.5,8.2,3,花蓮縣政府南南西方  24.7  公里 (位於花蓮縣近海)(花蓮縣近海)
232   ,2024-04-22 19:13:12,121.534,23.8232,5.4,8.2,4,花蓮縣政府南南西方  20.6  公里 (位於花蓮縣壽豐鄉)(花蓮縣壽豐鄉)
231   ,2024-04-22 19:10:43,121.528,23.7458,4.2,7.0,3,花蓮縣政府南南西方  28.7  公里 (位於花蓮縣壽豐鄉)(花蓮縣壽豐鄉)
230   ,2024-04-22 19:10:14,121.527,23.7477,4.8,8.3,4,花蓮縣政府南南西方  28.6  公里 (位於花蓮縣壽豐鄉)(花蓮縣壽豐鄉)
小區域有感地震,2024-04-22 19:06:46,121.553,23.8002,3.7,8.8,2,花蓮縣政府南南西方  22.2  公里 (位於花蓮縣壽豐鄉)(花蓮縣壽豐鄉)
小區域有感地震,2024-04-22 19:05:54,121.503,23.7365,4.3,6.4,2,花蓮縣政府南南西方  30.6  公里 (位於花蓮縣鳳林鎮)(花蓮縣鳳林鎮)
小區域有感地震,2024-04-22 18:56:45,121.522,23.7428,3.8,7.9,2,花蓮縣政府南南西方  29.3  公里 (位於花蓮縣壽豐鄉)(花蓮縣壽豐鄉)
229   ,2024-04-22 18:55:24,121.518,23.7587,4.6,6.5,4,花蓮縣政府南南西方  27.8  公里 (位於花蓮縣壽豐鄉)(花蓮縣壽豐鄉)
小區域有感地震,2024-04-22 18:53:19,121.538,23.7348,4.5,6.6,3,花蓮縣政府南南西方  29.6  公里 (位於花蓮縣豐濱鄉)(花蓮縣豐濱鄉)
小區域有感地震,2024-04-22 18:52:38,121.532,23.7347,4.2,9.7,3,花蓮縣政府南南西方  29.8  公里 (位於花蓮縣豐濱鄉)(花蓮縣豐濱鄉)
228   ,2024-04-22 18:50:31,121.545,23.75,5.7,6.8,4,花蓮縣政府南南西方  27.8  公里 (位於花蓮縣豐濱鄉)(花蓮縣豐濱鄉)
227   ,2024-04-22 18:49:06,121.531,23.754,5.2,6.6,4,花蓮縣政府南南西方  27.8  公里 (位於花蓮縣壽豐鄉)(花蓮縣壽豐鄉)
226   ,2024-04-22 18:46:22,121.532,23.7597,5.5,5.4,4,花蓮縣政府南南西方  27.1  公里 (位於花蓮縣壽豐鄉)(花蓮縣壽豐鄉)
225   ,2024-04-22 18:46:11,121.528,23.745,4.3,8.3,4,花蓮縣政府南南西方  28.8  公里 (位於花蓮縣壽豐鄉)(花蓮縣壽豐鄉)
小區域有感地震,2024-04-22 18:42:05,121.554,23.7692,3.5,7.3,2,花蓮縣政府南南西方  25.5  公里 (位於花蓮縣壽豐鄉)(花蓮縣壽豐鄉)
小區域有感地震,2024-04-22 18:39:54,121.551,23.8022,3.6,6.2,2,花蓮縣政府南南西方  22.1  公里 (位於花蓮縣壽豐鄉)(花蓮縣壽豐鄉)
小區域有感地震,2024-04-22 18:24:05,121.537,23.7673,3.4,6.8,1,花蓮縣政府南南西方  26.2  公里 (位於花蓮縣壽豐鄉)(花蓮縣壽豐鄉)
小區域有感地震,2024-04-22 18:11:27,121.516,23.7597,3.6,7.7,2,花蓮縣政府南南西方  27.7  公里 (位於花蓮縣壽豐鄉)(花蓮縣壽豐鄉)
224   ,2024-04-22 18:08:07,121.518,23.7642,4.5,7.3,3,花蓮縣政府南南西方  27.2  公里 (位於花蓮縣壽豐鄉)(花蓮縣壽豐鄉)
小區域有感地震,2024-04-22 17:53:14,121.571,23.7892,4.5,8.7,4,花蓮縣政府南南西方  22.9  公里 (位於花蓮縣近海)(花蓮縣近海)
223   ,2024-04-22 17:52:55,121.581,23.7748,5.2,9.5,4,花蓮縣政府南方  24.3  公里 (位於花蓮縣近海)(花蓮縣近海)
小區域有感地震,2024-04-22 17:51:42,121.512,23.7658,3.8,4.6,1,花蓮縣政府南南西方  27.2  公里 (位於花蓮縣壽豐鄉)(花蓮縣壽豐鄉)
小區域有感地震,2024-04-22 17:44:55,121.531,23.7733,3.5,7.5,2,花蓮縣政府南南西方  25.7  公里 (位於花蓮縣壽豐鄉)(花蓮縣壽豐鄉)
小區域有感地震,2024-04-22 17:36:10,121.531,23.7725,3.7,7.3,2,花蓮縣政府南南西方  25.8  公里 (位於花蓮縣壽豐鄉)(花蓮縣壽豐鄉)
小區域有感地震,2024-04-22 17:19:21,121.534,23.7813,3.5,8.2,1,花蓮縣政府南南西方  24.8  公里 (位於花蓮縣壽豐鄉)(花蓮縣壽豐鄉)
222   ,2024-04-22 17:17:10,121.522,23.7717,5.0,7.4,4,花蓮縣政府南南西方  26.2  公里 (位於花蓮縣壽豐鄉)(花蓮縣壽豐鄉)
221   ,2024-04-22 17:15:59,121.516,23.7705,5.1,4.9,4,花蓮縣政府南南西方  26.6  公里 (位於花蓮縣壽豐鄉)(花蓮縣壽豐鄉)
220   ,2024-04-22 17:12:10,121.541,23.7867,5.3,8.0,4,花蓮縣政府南南西方  24.0  公里 (位於花蓮縣壽豐鄉)(花蓮縣壽豐鄉)
219   ,2024-04-22 17:09:14,121.526,23.7547,4.5,10.0,4,花蓮縣政府南南西方  27.9  公里 (位於花蓮縣壽豐鄉)(花蓮縣壽豐鄉)
218   ,2024-04-22 17:08:39,121.54,23.7555,5.6,10.3,4,花蓮縣政府南南西方  27.3  公里 (位於花蓮縣壽豐鄉)(花蓮縣壽豐鄉)
217   ,2024-04-22 08:03:34,121.822,24.2942,4.3,9.4,4,花蓮縣政府北北東方  39.3  公里 (位於花蓮縣近海)(花蓮縣近海)
216   ,2024-04-22 08:01:34,121.822,24.2953,4.2,9.6,3,花蓮縣政府北北東方  39.5  公里 (位於花蓮縣近海)(花蓮縣近海)
215   ,2024-04-22 02:53:23,121.617,23.9338,4.9,27.7,4,花蓮縣政府南方  6.3  公里 (位於花蓮縣近海)(花蓮縣近海)
214   ,2024-04-22 00:35:52,121.665,24.1933,5.4,32.2,4,花蓮縣政府北北東方  22.9  公里 (位於花蓮縣近海)(花蓮縣近海)
小區域有感地震,2024-04-21 23:36:52,121.866,24.4765,3.2,10.6,2,宜蘭縣政府南南東方  30.1  公里 (位於宜蘭縣近海)(宜蘭縣近海)
213   ,2024-04-21 17:54:19,121.751,24.0187,4.5,28.7,3,花蓮縣政府東北東方  13.7  公里 (位於臺灣東部海域)(臺灣東部海域)
小區域有感地震,2024-04-21 17:14:59,121.885,24.1773,3.9,24.3,1,花蓮縣政府東北方  33.9  公里 (位於臺灣東部海域)(臺灣東部海域)
小區域有感地震,2024-04-21 15:51:04,121.761,24.2533,3.0,7.6,2,花蓮縣政府北北東方  32.4  公里 (位於花蓮縣近海)(花蓮縣近海)
小區域有感地震,2024-04-21 12:13:20,121.62,23.9478,4.0,31.4,2,花蓮縣政府南方  4.8  公里 (位於花蓮縣近海)(花蓮縣近海)
212   ,2024-04-21 11:07:19,121.683,24.1857,4.7,33.6,3,花蓮縣政府北北東方  22.5  公里 (位於花蓮縣近海)(花蓮縣近海)
211   ,2024-04-21 10:40:56,121.558,23.533,5.6,35.5,4,花蓮縣政府南方  51.1  公里 (位於花蓮縣近海)(花蓮縣近海)
小區域有感地震,2024-04-21 06:04:07,121.726,24.3513,3.4,24.5,2,宜蘭縣政府南方  42.2  公里 (位於宜蘭縣南澳鄉)(宜蘭縣南澳鄉)
小區域有感地震,2024-04-20 20:01:32,121.76,24.2413,3.5,15.8,3,花蓮縣政府北北東方  31.2  公里 (位於花蓮縣近海)(花蓮縣近海)
小區域有感地震,2024-04-20 14:03:50,121.502,23.7552,3.4,10.8,1,花蓮縣政府南南西方  28.8  公里 (位於花蓮縣鳳林鎮)(花蓮縣鳳林鎮)
小區域有感地震,2024-04-20 09:04:33,121.68,24.2422,4.4,26.7,2,花蓮縣政府北北東方  28.5  公里 (位於花蓮縣秀林鄉)(花蓮縣秀林鄉)
小區域有感地震,2024-04-20 08:35:11,121.846,24.2467,4.5,12.1,3,花蓮縣政府東北方  36.5  公里 (位於臺灣東部海域)(臺灣東部海域)
210   ,2024-04-19 22:25:52,121.775,24.338,4.8,21.9,4,宜蘭縣政府南方  43.5  公里 (位於宜蘭縣近海)(宜蘭縣近海)
小區域有感地震,2024-04-19 17:51:31,121.799,24.0535,4.0,37.0,2,花蓮縣政府東北東方  19.5  公里 (位於臺灣東部海域)(臺灣東部海域)
小區域有感地震,2024-04-19 12:36:27,121.698,24.2442,3.3,11.8,2,花蓮縣政府北北東方  29.1  公里 (位於花蓮縣秀林鄉)(花蓮縣秀林鄉)
小區域有感地震,2024-04-19 10:43:39,121.657,23.9783,4.1,39.9,1,花蓮縣政府東南東方  4.0  公里 (位於花蓮縣近海)(花蓮縣近海)
小區域有感地震,2024-04-19 10:21:37,121.706,24.2437,3.4,11.7,1,花蓮縣政府北北東方  29.3  公里 (位於花蓮縣近海)(花蓮縣近海)
小區域有感地震,2024-04-19 06:18:58,121.669,24.18,3.8,32.4,2,花蓮縣政府北北東方  21.5  公里 (位於花蓮縣近海)(花蓮縣近海)
小區域有感地震,2024-04-18 17:11:57,121.731,23.769,4.6,17.5,2,花蓮縣政府南南東方  27.1  公里 (位於臺灣東部海域)(臺灣東部海域)
小區域有感地震,2024-04-18 16:18:07,121.67,24.162,4.0,30.1,2,花蓮縣政府北北東方  19.6  公里 (位於花蓮縣近海)(花蓮縣近海)
小區域有感地震,2024-04-18 14:09:59,121.661,24.0948,3.8,26.5,2,花蓮縣政府北北東方  12.2  公里 (位於花蓮縣近海)(花蓮縣近海)
小區域有感地震,2024-04-18 05:36:53,120.174,23.361,3.8,11.2,3,嘉義縣政府西南方  16.3  公里 (位於嘉義縣布袋鎮)(嘉義縣布袋鎮)
209   ,2024-04-17 17:17:10,121.656,23.9235,5.4,33.8,4,花蓮縣政府南南東方  8.3  公里 (位於花蓮縣近海)(花蓮縣近海)
小區域有感地震,2024-04-17 10:12:42,121.587,23.9512,3.5,24.5,1,花蓮縣政府西南方  5.6  公里 (位於花蓮縣吉安鄉)(花蓮縣吉安鄉)
小區域有感地震,2024-04-17 03:01:00,120.2,23.3548,4.1,8.9,3,嘉義縣政府西南方  14.9  公里 (位於嘉義縣義竹鄉)(嘉義縣義竹鄉)
208   ,2024-04-17 02:59:50,121.753,24.1277,5.2,31.5,4,花蓮縣政府東北方  20.3  公里 (位於臺灣東部海域)(臺灣東部海域)
小區域有感地震,2024-04-16 23:57:06,120.157,23.3787,3.8,10.2,3,嘉義縣政府西南西方  16.5  公里 (位於嘉義縣布袋鎮)(嘉義縣布袋鎮)
小區域有感地震,2024-04-16 22:16:55,121.062,21.9485,3.6,15.2,2,臺東縣政府南方  89.8  公里 (位於臺灣東南部海域)(臺灣東南部海域)
小區域有感地震,2024-04-16 21:36:30,120.198,23.3547,3.6,8.7,3,嘉義縣政府西南方  15.1  公里 (位於嘉義縣義竹鄉)(嘉義縣義竹鄉)
小區域有感地震,2024-04-16 19:30:41,121.551,23.7182,3.4,4.1,1,花蓮縣政府南南西方  31.0  公里 (位於花蓮縣近海)(花蓮縣近海)
小區域有感地震,2024-04-16 12:07:58,120.137,23.3655,3.9,8.2,3,嘉義縣政府西南西方  19.0  公里 (位於嘉義縣布袋鎮)(嘉義縣布袋鎮)
小區域有感地震,2024-04-16 09:13:22,121.76,23.9723,3.9,25.7,2,花蓮縣政府東方  14.3  公里 (位於臺灣東部海域)(臺灣東部海域)
小區域有感地震,2024-04-16 08:52:23,121.793,24.2365,3.1,15.2,2,花蓮縣政府東北方  32.4  公里 (位於花蓮縣近海)(花蓮縣近海)
小區域有感地震,2024-04-16 08:44:40,121.796,24.2385,4.4,15.9,3,花蓮縣政府東北方  32.7  公里 (位於花蓮縣近海)(花蓮縣近海)
207   ,2024-04-16 08:37:53,121.797,24.2455,4.5,16.0,3,花蓮縣政府東北方  33.4  公里 (位於花蓮縣近海)(花蓮縣近海)
206   ,2024-04-16 08:23:47,121.798,24.242,4.4,15.4,3,花蓮縣政府東北方  33.2  公里 (位於花蓮縣近海)(花蓮縣近海)
小區域有感地震,2024-04-16 07:14:06,121.455,23.9207,3.6,17.3,3,花蓮縣政府西南西方  18.5  公里 (位於花蓮縣秀林鄉)(花蓮縣秀林鄉)
小區域有感地震,2024-04-16 07:06:57,120.14,23.3567,3.7,10.8,3,嘉義縣政府西南方  19.3  公里 (位於嘉義縣布袋鎮)(嘉義縣布袋鎮)
小區域有感地震,2024-04-16 02:47:44,121.729,24.073,4.6,35.3,3,花蓮縣政府東北方  14.3  公里 (位於臺灣東部海域)(臺灣東部海域)
小區域有感地震,2024-04-15 19:53:00,120.196,23.355,3.3,9.3,3,嘉義縣政府西南方  15.2  公里 (位於嘉義縣義竹鄉)(嘉義縣義竹鄉)
小區域有感地震,2024-04-15 16:17:44,121.539,23.859,3.6,9.3,3,花蓮縣政府南南西方  16.8  公里 (位於花蓮縣壽豐鄉)(花蓮縣壽豐鄉)
小區域有感地震,2024-04-15 12:18:16,121.742,24.2098,3.5,16.2,3,花蓮縣政府北北東方  27.2  公里 (位於花蓮縣近海)(花蓮縣近海)
205   ,2024-04-15 07:10:23,121.747,24.2572,4.1,14.1,3,花蓮縣政府北北東方  32.2  公里 (位於花蓮縣近海)(花蓮縣近海)
小區域有感地震,2024-04-15 05:38:28,121.756,24.2617,3.1,12.4,2,花蓮縣政府北北東方  33.0  公里 (位於花蓮縣近海)(花蓮縣近海)
小區域有感地震,2024-04-15 03:00:54,121.675,24.2143,3.3,14.0,2,花蓮縣政府北北東方  25.4  公里 (位於花蓮縣近海)(花蓮縣近海)
小區域有感地震,2024-04-15 01:47:12,121.695,23.9467,4.2,39.0,2,花蓮縣政府東南東方  9.1  公里 (位於花蓮縣近海)(花蓮縣近海)
204   ,2024-04-15 00:15:05,121.683,24.2057,4.4,14.2,4,花蓮縣政府北北東方  24.6  公里 (位於花蓮縣近海)(花蓮縣近海)
203   ,2024-04-14 22:37:51,122.007,24.2987,4.2,10.2,3,花蓮縣政府東北方  52.0  公里 (位於臺灣東部海域)(臺灣東部海域)
小區域有感地震,2024-04-14 21:38:23,121.696,24.2417,3.1,5.0,2,花蓮縣政府北北東方  28.8  公里 (位於花蓮縣秀林鄉)(花蓮縣秀林鄉)
小區域有感地震,2024-04-14 19:49:44,121.516,23.7468,3.4,7.1,2,花蓮縣政府南南西方  29.0  公里 (位於花蓮縣壽豐鄉)(花蓮縣壽豐鄉)
小區域有感地震,2024-04-14 12:59:06,121.632,23.9712,3.7,30.6,2,花蓮縣政府南南東方  2.5  公里 (位於花蓮縣近海)(花蓮縣近海)
小區域有感地震,2024-04-14 12:30:04,120.592,23.3375,3.5,8.3,2,嘉義縣政府東南東方  33.4  公里 (位於嘉義縣大埔鄉)(嘉義縣大埔鄉)
小區域有感地震,2024-04-14 11:39:40,121.492,23.7055,3.8,21.3,3,花蓮縣政府南南西方  34.2  公里 (位於花蓮縣光復鄉)(花蓮縣光復鄉)
小區域有感地震,2024-04-14 11:08:05,121.786,24.2438,3.3,19.1,2,花蓮縣政府北北東方  32.7  公里 (位於花蓮縣近海)(花蓮縣近海)
小區域有感地震,2024-04-14 09:05:39,121.962,24.3437,3.7,9.3,2,宜蘭縣政府南南東方  47.4  公里 (位於臺灣東部海域)(臺灣東部海域)
小區域有感地震,2024-04-14 07:36:21,121.884,24.1813,3.8,20.3,2,花蓮縣政府東北方  34.1  公里 (位於臺灣東部海域)(臺灣東部海域)
小區域有感地震,2024-04-14 07:35:50,121.894,24.1887,3.7,21.2,1,花蓮縣政府東北方  35.4  公里 (位於臺灣東部海域)(臺灣東部海域)
小區域有感地震,2024-04-14 07:23:47,121.883,24.25,4.1,20.6,2,花蓮縣政府東北方  39.2  公里 (位於臺灣東部海域)(臺灣東部海域)
小區域有感地震,2024-04-14 07:11:23,121.66,24.0687,3.9,31.2,2,花蓮縣政府北北東方  9.5  公里 (位於花蓮縣近海)(花蓮縣近海)
小區域有感地震,2024-04-14 06:09:21,120.215,23.36,3.5,10.5,2,嘉義縣政府西南方  13.6  公里 (位於嘉義縣義竹鄉)(嘉義縣義竹鄉)
小區域有感地震,2024-04-14 04:07:21,121.69,24.1295,3.3,15.1,3,花蓮縣政府北北東方  16.9  公里 (位於花蓮縣近海)(花蓮縣近海)
小區域有感地震,2024-04-14 04:04:47,121.83,24.2612,3.8,11.2,1,花蓮縣政府東北方  36.8  公里 (位於花蓮縣近海)(花蓮縣近海)
小區域有感地震,2024-04-14 03:29:17,121.689,24.1297,3.5,14.8,2,花蓮縣政府北北東方  16.9  公里 (位於花蓮縣近海)(花蓮縣近海)
202   ,2024-04-14 02:39:27,120.194,23.3607,3.9,8.3,4,嘉義縣政府西南方  14.9  公里 (位於嘉義縣義竹鄉)(嘉義縣義竹鄉)
小區域有感地震,2024-04-14 02:39:07,120.182,23.362,3.5,10.2,3,嘉義縣政府西南方  15.6  公里 (位於嘉義縣義竹鄉)(嘉義縣義竹鄉)
小區域有感地震,2024-04-14 01:59:37,121.58,23.8145,3.7,29.6,1,花蓮縣政府南南西方  20.0  公里 (位於花蓮縣近海)(花蓮縣近海)
小區域有感地震,2024-04-14 00:35:15,121.741,23.975,3.6,24.8,2,花蓮縣政府東方  12.4  公里 (位於臺灣東部海域)(臺灣東部海域)
小區域有感地震,2024-04-14 00:18:44,120.201,23.3652,3.4,9.4,2,嘉義縣政府西南方  14.0  公里 (位於嘉義縣義竹鄉)(嘉義縣義竹鄉)
201   ,2024-04-13 22:26:36,121.545,24.0273,5.0,13.5,4,花蓮縣政府西北西方  8.6  公里 (位於花蓮縣秀林鄉)(花蓮縣秀林鄉)
小區域有感地震,2024-04-13 20:55:55,122.016,24.068,4.3,33.9,1,花蓮縣政府東方  41.2  公里 (位於臺灣東部海域)(臺灣東部海域)
200   ,2024-04-13 20:38:49,121.501,23.7417,4.7,8.0,4,花蓮縣政府南南西方  30.2  公里 (位於花蓮縣鳳林鎮)(花蓮縣鳳林鎮)
小區域有感地震,2024-04-13 20:38:32,121.508,23.7448,4.3,8.1,2,花蓮縣政府南南西方  29.5  公里 (位於花蓮縣壽豐鄉)(花蓮縣壽豐鄉)
小區域有感地震,2024-04-13 15:53:23,121.737,24.2,3.3,5.0,3,花蓮縣政府北北東方  26.0  公里 (位於花蓮縣近海)(花蓮縣近海)
小區域有感地震,2024-04-13 06:50:24,120.225,23.3752,3.3,10.2,3,嘉義縣政府西南方  11.6  公里 (位於嘉義縣義竹鄉)(嘉義縣義竹鄉)
小區域有感地震,2024-04-13 05:30:05,120.185,23.374,3.5,10.4,4,嘉義縣政府西南方  14.5  公里 (位於嘉義縣義竹鄉)(嘉義縣義竹鄉)
小區域有感地震,2024-04-13 05:00:50,121.646,23.9758,4.0,38.0,1,花蓮縣政府東南東方  3.1  公里 (位於花蓮縣近海)(花蓮縣近海)
小區域有感地震,2024-04-13 04:59:12,120.19,23.3597,3.6,9.3,3,嘉義縣政府西南方  15.3  公里 (位於嘉義縣義竹鄉)(嘉義縣義竹鄉)
小區域有感地震,2024-04-13 04:21:36,120.203,23.3653,3.3,10.5,2,嘉義縣政府西南方  13.9  公里 (位於嘉義縣義竹鄉)(嘉義縣義竹鄉)
199   ,2024-04-13 04:00:29,120.201,23.3583,4.0,10.5,4,嘉義縣政府西南方  14.6  公里 (位於嘉義縣義竹鄉)(嘉義縣義竹鄉)
小區域有感地震,2024-04-13 03:35:58,120.193,23.3618,3.3,9.4,2,嘉義縣政府西南方  14.9  公里 (位於嘉義縣義竹鄉)(嘉義縣義竹鄉)
小區域有感地震,2024-04-13 03:10:04,121.736,24.216,3.2,14.9,2,花蓮縣政府北北東方  27.6  公里 (位於花蓮縣近海)(花蓮縣近海)
198   ,2024-04-13 02:44:36,120.202,23.3583,5.0,11.2,4,嘉義縣政府西南方  14.5  公里 (位於嘉義縣義竹鄉)(嘉義縣義竹鄉)
小區域有感地震,2024-04-12 23:43:27,120.205,23.3615,3.6,10.4,3,嘉義縣政府西南方  14.0  公里 (位於嘉義縣義竹鄉)(嘉義縣義竹鄉)
197   ,2024-04-12 22:20:01,121.617,22.3617,4.9,20.6,3,臺東縣政府東南方  64.7  公里 (位於臺灣東南部海域)(臺灣東南部海域)
小區域有感地震,2024-04-12 20:25:14,121.877,24.2077,3.6,22.9,1,花蓮縣政府東北方  35.5  公里 (位於臺灣東部海域)(臺灣東部海域)
小區域有感地震,2024-04-12 20:12:12,121.616,23.9625,3.9,26.5,2,花蓮縣政府南方  3.2  公里 (位於花蓮縣近海)(花蓮縣近海)
小區域有感地震,2024-04-12 19:33:25,121.545,23.793,3.4,8.2,2,花蓮縣政府南南西方  23.2  公里 (位於花蓮縣壽豐鄉)(花蓮縣壽豐鄉)
小區域有感地震,2024-04-12 18:46:22,121.648,24.0328,4.1,30.2,2,花蓮縣政府東北方  5.5  公里 (位於花蓮縣近海)(花蓮縣近海)
小區域有感地震,2024-04-12 14:51:54,121.626,24.4763,3.9,45.1,1,宜蘭縣政府南南西方  31.4  公里 (位於宜蘭縣南澳鄉)(宜蘭縣南澳鄉)
小區域有感地震,2024-04-12 11:14:03,121.713,24.0428,3.7,29.9,2,花蓮縣政府東北東方  11.0  公里 (位於花蓮縣近海)(花蓮縣近海)
小區域有感地震,2024-04-12 10:53:11,121.852,24.2822,3.8,11.4,2,花蓮縣政府東北方  39.9  公里 (位於臺灣東部海域)(臺灣東部海域)
小區域有感地震,2024-04-12 09:16:02,121.717,24.2557,3.8,13.9,3,花蓮縣政府北北東方  30.9  公里 (位於花蓮縣秀林鄉)(花蓮縣秀林鄉)
196   ,2024-04-12 08:54:51,121.743,23.9835,4.4,24.6,3,花蓮縣政府東方  12.5  公里 (位於臺灣東部海域)(臺灣東部海域)
195   ,2024-04-12 08:29:01,121.69,24.0105,4.4,29.2,3,花蓮縣政府東北東方  7.5  公里 (位於花蓮縣近海)(花蓮縣近海)
小區域有感地震,2024-04-12 05:32:06,121.861,24.1743,3.8,22.4,1,花蓮縣政府東北方  31.8  公里 (位於臺灣東部海域)(臺灣東部海域)
小區域有感地震,2024-04-12 05:04:45,121.812,24.4978,3.3,12.3,2,宜蘭縣政府南南東方  26.3  公里 (位於宜蘭縣南澳鄉)(宜蘭縣南澳鄉)
小區域有感地震,2024-04-12 04:55:04,121.797,24.5455,3.2,10.7,3,宜蘭縣政府南方  20.8  公里 (位於宜蘭縣南澳鄉)(宜蘭縣南澳鄉)
小區域有感地震,2024-04-12 03:50:00,121.61,23.8498,3.8,27.4,2,花蓮縣政府南方  15.7  公里 (位於花蓮縣近海)(花蓮縣近海)
小區域有感地震,2024-04-12 02:52:26,121.687,24.1327,4.0,17.5,2,花蓮縣政府北北東方  17.1  公里 (位於花蓮縣近海)(花蓮縣近海)
小區域有感地震,2024-04-12 01:28:04,121.689,24.2668,3.1,13.5,2,花蓮縣政府北北東方  31.3  公里 (位於花蓮縣秀林鄉)(花蓮縣秀林鄉)
小區域有感地震,2024-04-12 00:04:12,121.769,24.1998,3.3,19.7,2,花蓮縣政府東北方  27.7  公里 (位於臺灣東部海域)(臺灣東部海域)
小區域有感地震,2024-04-11 23:56:09,121.714,24.041,3.9,28.9,2,花蓮縣政府東北東方  11.1  公里 (位於花蓮縣近海)(花蓮縣近海)
194   ,2024-04-11 22:09:24,121.706,24.147,4.1,21.2,3,花蓮縣政府北北東方  19.3  公里 (位於花蓮縣近海)(花蓮縣近海)
小區域有感地震,2024-04-11 21:41:54,121.278,24.0117,3.4,4.4,2,花蓮縣政府西方  34.9  公里 (位於花蓮縣秀林鄉)(花蓮縣秀林鄉)
小區域有感地震,2024-04-11 21:23:57,121.893,24.2917,4.0,1.2,2,花蓮縣政府東北方  43.3  公里 (位於臺灣東部海域)(臺灣東部海域)
小區域有感地震,2024-04-11 20:44:04,121.754,24.2287,3.5,17.7,2,花蓮縣政府北北東方  29.6  公里 (位於花蓮縣近海)(花蓮縣近海)
小區域有感地震,2024-04-11 19:53:27,121.727,24.162,3.7,20.6,2,花蓮縣政府北北東方  21.8  公里 (位於花蓮縣近海)(花蓮縣近海)
小區域有感地震,2024-04-11 19:08:54,121.846,24.3067,3.6,5.5,2,花蓮縣政府東北方  41.8  公里 (位於花蓮縣近海)(花蓮縣近海)
小區域有感地震,2024-04-11 15:40:51,121.819,24.5458,3.8,9.4,4,宜蘭縣政府南南東方  21.3  公里 (位於宜蘭縣南澳鄉)(宜蘭縣南澳鄉)
小區域有感地震,2024-04-11 14:31:28,121.566,24.0198,3.5,7.1,3,花蓮縣政府西北西方  6.4  公里 (位於花蓮縣秀林鄉)(花蓮縣秀林鄉)
小區域有感地震,2024-04-11 14:06:59,121.763,24.0962,3.8,27.8,2,花蓮縣政府東北方  18.7  公里 (位於臺灣東部海域)(臺灣東部海域)
小區域有感地震,2024-04-11 12:02:06,121.67,24.1905,4.1,37.8,2,花蓮縣政府北北東方  22.7  公里 (位於花蓮縣近海)(花蓮縣近海)
小區域有感地震,2024-04-11 10:00:34,121.367,24.2258,3.8,5.9,3,花蓮縣政府西北方  36.6  公里 (位於花蓮縣秀林鄉)(花蓮縣秀林鄉)
小區域有感地震,2024-04-11 09:20:20,121.936,24.1987,3.9,28.2,1,花蓮縣政府東北東方  39.5  公里 (位於臺灣東部海域)(臺灣東部海域)
193   ,2024-04-11 08:53:27,121.681,24.1828,4.2,27.2,3,花蓮縣政府北北東方  22.1  公里 (位於花蓮縣近海)(花蓮縣近海)
小區域有感地震,2024-04-11 07:14:51,121.798,24.2723,3.4,11.2,2,花蓮縣政府北北東方  36.0  公里 (位於花蓮縣近海)(花蓮縣近海)
小區域有感地震,2024-04-11 06:02:00,121.632,24.0452,4.3,24.9,3,花蓮縣政府北北東方  6.1  公里 (位於花蓮縣近海)(花蓮縣近海)
小區域有感地震,2024-04-11 05:33:43,121.738,24.2485,3.3,10.7,1,花蓮縣政府北北東方  30.9  公里 (位於花蓮縣近海)(花蓮縣近海)
小區域有感地震,2024-04-11 05:02:45,121.564,23.8727,3.2,11.6,2,花蓮縣政府南南西方  14.3  公里 (位於花蓮縣壽豐鄉)(花蓮縣壽豐鄉)
小區域有感地震,2024-04-11 03:58:59,121.9,24.1348,4.5,34.2,2,花蓮縣政府東北東方  32.6  公里 (位於臺灣東部海域)(臺灣東部海域)
小區域有感地震,2024-04-11 03:13:33,121.566,23.7875,3.6,8.3,2,花蓮縣政府南南西方  23.2  公里 (位於花蓮縣近海)(花蓮縣近海)
小區域有感地震,2024-04-11 02:05:59,121.694,24.2643,3.4,13.7,2,花蓮縣政府北北東方  31.2  公里 (位於花蓮縣秀林鄉)(花蓮縣秀林鄉)
小區域有感地震,2024-04-11 01:00:05,121.73,24.205,3.5,1.8,1,花蓮縣政府北北東方  26.2  公里 (位於花蓮縣近海)(花蓮縣近海)
192   ,2024-04-11 00:55:12,121.75,24.2085,4.9,1.8,4,花蓮縣政府北北東方  27.5  公里 (位於花蓮縣近海)(花蓮縣近海)
191   ,2024-04-11 00:27:07,121.773,24.1963,4.3,19.9,4,花蓮縣政府東北方  27.5  公里 (位於臺灣東部海域)(臺灣東部海域)
小區域有感地震,2024-04-10 22:19:57,121.87,24.4615,3.8,16.9,3,宜蘭縣政府南南東方  31.7  公里 (位於宜蘭縣近海)(宜蘭縣近海)
小區域有感地震,2024-04-10 21:34:35,121.852,24.275,3.8,24.7,1,花蓮縣政府東北方  39.3  公里 (位於臺灣東部海域)(臺灣東部海域)
小區域有感地震,2024-04-10 20:38:16,121.564,24.0052,3.4,12.0,3,花蓮縣政府西北西方  5.9  公里 (位於花蓮縣秀林鄉)(花蓮縣秀林鄉)
小區域有感地震,2024-04-10 20:13:46,121.498,23.71,3.4,5.9,2,花蓮縣政府南南西方  33.5  公里 (位於花蓮縣光復鄉)(花蓮縣光復鄉)
190   ,2024-04-10 19:22:59,121.758,24.1022,4.8,28.9,4,花蓮縣政府東北方  18.7  公里 (位於臺灣東部海域)(臺灣東部海域)
小區域有感地震,2024-04-10 18:07:30,121.715,24.2443,3.5,15.8,2,花蓮縣政府北北東方  29.7  公里 (位於花蓮縣近海)(花蓮縣近海)
189   ,2024-04-10 17:09:44,121.666,23.906,4.8,37.1,2,花蓮縣政府南南東方  10.5  公里 (位於花蓮縣近海)(花蓮縣近海)
小區域有感地震,2024-04-10 15:46:52,121.8,24.2333,3.6,15.0,2,花蓮縣政府東北方  32.5  公里 (位於臺灣東部海域)(臺灣東部海域)
小區域有感地震,2024-04-10 14:57:53,121.725,24.0652,4.2,28.7,3,花蓮縣政府東北方  13.4  公里 (位於臺灣東部海域)(臺灣東部海域)
小區域有感地震,2024-04-10 12:22:37,121.652,24.2005,3.8,30.5,2,花蓮縣政府北方  23.4  公里 (位於花蓮縣秀林鄉)(花蓮縣秀林鄉)
小區域有感地震,2024-04-10 11:20:46,121.795,24.2557,4.0,22.1,3,花蓮縣政府北北東方  34.3  公里 (位於花蓮縣近海)(花蓮縣近海)
小區域有感地震,2024-04-10 11:17:30,121.632,23.9292,4.0,34.2,2,花蓮縣政府南方  7.0  公里 (位於花蓮縣近海)(花蓮縣近海)
小區域有感地震,2024-04-10 07:29:23,121.71,24.2475,3.8,14.4,3,花蓮縣政府北北東方  29.8  公里 (位於花蓮縣秀林鄉)(花蓮縣秀林鄉)
小區域有感地震,2024-04-10 06:08:22,121.645,23.9317,3.6,34.5,1,花蓮縣政府南南東方  7.1  公里 (位於花蓮縣近海)(花蓮縣近海)
小區域有感地震,2024-04-10 05:36:15,121.66,24.0375,4.2,28.9,2,花蓮縣政府東北方  6.6  公里 (位於花蓮縣近海)(花蓮縣近海)
188   ,2024-04-10 05:34:45,121.702,24.1192,4.7,17.5,4,花蓮縣政府北北東方  16.5  公里 (位於花蓮縣近海)(花蓮縣近海)
小區域有感地震,2024-04-10 05:05:49,121.89,24.2582,4.1,9.9,2,花蓮縣政府東北方  40.3  公里 (位於臺灣東部海域)(臺灣東部海域)
小區域有感地震,2024-04-10 01:59:23,121.636,23.9782,4.0,40.9,1,花蓮縣政府東南方  2.1  公里 (位於花蓮縣近海)(花蓮縣近海)
小區域有感地震,2024-04-09 22:13:26,121.712,24.241,3.5,14.6,1,花蓮縣政府北北東方  29.2  公里 (位於花蓮縣近海)(花蓮縣近海)
小區域有感地震,2024-04-09 21:22:05,121.622,23.9442,4.1,31.8,2,花蓮縣政府南方  5.2  公里 (位於花蓮縣近海)(花蓮縣近海)
小區域有感地震,2024-04-09 21:03:41,121.691,24.1903,4.0,33.0,2,花蓮縣政府北北東方  23.2  公里 (位於花蓮縣近海)(花蓮縣近海)
小區域有感地震,2024-04-09 21:00:20,121.833,24.2885,3.0,9.9,1,花蓮縣政府東北方  39.4  公里 (位於花蓮縣近海)(花蓮縣近海)
187   ,2024-04-09 20:20:22,121.732,24.2308,4.1,12.6,3,花蓮縣政府北北東方  28.9  公里 (位於花蓮縣近海)(花蓮縣近海)
186   ,2024-04-09 20:01:49,120.726,23.1505,4.3,6.1,4,高雄市政府東北方  72.4  公里 (位於高雄市桃源區)(高雄市桃源區)
小區域有感地震,2024-04-09 19:35:19,121.699,24.2432,3.1,12.1,2,花蓮縣政府北北東方  29.1  公里 (位於花蓮縣秀林鄉)(花蓮縣秀林鄉)
小區域有感地震,2024-04-09 18:42:03,121.752,24.2058,3.3,9.9,2,花蓮縣政府北北東方  27.3  公里 (位於花蓮縣近海)(花蓮縣近海)
小區域有感地震,2024-04-09 17:50:42,121.664,24.0283,4.1,36.4,2,花蓮縣政府東北方  6.1  公里 (位於花蓮縣近海)(花蓮縣近海)
小區域有感地震,2024-04-09 16:01:21,121.843,24.2938,3.3,11.7,1,花蓮縣政府東北方  40.5  公里 (位於花蓮縣近海)(花蓮縣近海)
小區域有感地震,2024-04-09 16:00:43,121.638,24.0272,3.8,26.1,2,花蓮縣政府北北東方  4.4  公里 (位於花蓮縣近海)(花蓮縣近海)
小區域有感地震,2024-04-09 15:58:58,121.668,24.0587,3.8,30.8,2,花蓮縣政府東北方  8.9  公里 (位於花蓮縣近海)(花蓮縣近海)
小區域有感地震,2024-04-09 15:49:02,121.674,24.1153,3.7,28.6,2,花蓮縣政府北北東方  14.8  公里 (位於花蓮縣近海)(花蓮縣近海)
185   ,2024-04-09 15:40:11,121.523,23.8445,4.3,8.9,3,花蓮縣政府南南西方  19.0  公里 (位於花蓮縣壽豐鄉)(花蓮縣壽豐鄉)
小區域有感地震,2024-04-09 14:47:17,121.851,24.1673,3.9,24.9,1,花蓮縣政府東北方  30.6  公里 (位於臺灣東部海域)(臺灣東部海域)
小區域有感地震,2024-04-09 14:10:46,121.507,23.8038,3.1,6.4,1,花蓮縣政府南南西方  23.7  公里 (位於花蓮縣壽豐鄉)(花蓮縣壽豐鄉)
小區域有感地震,2024-04-09 14:03:19,121.629,24.0483,3.9,32.1,2,花蓮縣政府北方  6.4  公里 (位於花蓮縣近海)(花蓮縣近海)
小區域有感地震,2024-04-09 13:45:10,122.397,24.7222,4.1,12.9,1,宜蘭縣政府東方  64.2  公里 (位於臺灣東部海域)(臺灣東部海域)
小區域有感地震,2024-04-09 13:41:38,121.985,24.3063,3.4,12.6,2,花蓮縣政府東北方  50.9  公里 (位於臺灣東部海域)(臺灣東部海域)
小區域有感地震,2024-04-09 13:21:27,121.757,24.2305,3.4,15.7,2,花蓮縣政府北北東方  30.0  公里 (位於花蓮縣近海)(花蓮縣近海)
小區域有感地震,2024-04-09 12:47:13,121.527,23.8483,3.7,7.6,2,花蓮縣政府南南西方  18.4  公里 (位於花蓮縣壽豐鄉)(花蓮縣壽豐鄉)
小區域有感地震,2024-04-09 12:40:27,121.587,24.1485,3.2,16.4,1,花蓮縣政府北北西方  17.8  公里 (位於花蓮縣秀林鄉)(花蓮縣秀林鄉)
小區域有感地震,2024-04-09 11:51:55,121.851,24.2435,3.8,21.9,2,花蓮縣政府東北方  36.5  公里 (位於臺灣東部海域)(臺灣東部海域)
小區域有感地震,2024-04-09 10:17:02,121.614,23.9523,4.2,27.3,3,花蓮縣政府南方  4.3  公里 (位於花蓮縣近海)(花蓮縣近海)
小區域有感地震,2024-04-09 10:17:01,121.756,24.232,3.6,15.6,3,花蓮縣政府北北東方  30.0  公里 (位於花蓮縣近海)(花蓮縣近海)
小區域有感地震,2024-04-09 10:15:12,121.759,24.246,3.2,12.3,2,花蓮縣政府北北東方  31.6  公里 (位於花蓮縣近海)(花蓮縣近海)
小區域有感地震,2024-04-09 10:13:22,121.543,23.8557,3.5,9.0,2,花蓮縣政府南南西方  16.9  公里 (位於花蓮縣壽豐鄉)(花蓮縣壽豐鄉)
小區域有感地震,2024-04-09 10:08:22,121.715,24.2493,3.3,13.5,2,花蓮縣政府北北東方  30.2  公里 (位於花蓮縣秀林鄉)(花蓮縣秀林鄉)
184   ,2024-04-09 09:33:13,121.555,23.7632,4.4,25.1,3,花蓮縣政府南南西方  26.1  公里 (位於花蓮縣壽豐鄉)(花蓮縣壽豐鄉)
183   ,2024-04-09 07:26:14,121.676,24.168,4.6,28.1,3,花蓮縣政府北北東方  20.4  公里 (位於花蓮縣近海)(花蓮縣近海)
小區域有感地震,2024-04-09 06:35:00,121.664,24.1132,4.2,44.9,2,花蓮縣政府北北東方  14.2  公里 (位於花蓮縣近海)(花蓮縣近海)
182   ,2024-04-09 06:14:08,121.696,23.992,5.0,27.6,4,花蓮縣政府東方  7.8  公里 (位於花蓮縣近海)(花蓮縣近海)
小區域有感地震,2024-04-09 05:59:22,121.845,24.1312,3.8,19.6,2,花蓮縣政府東北東方  27.6  公里 (位於臺灣東部海域)(臺灣東部海域)
小區域有感地震,2024-04-09 04:54:49,121.896,24.2613,3.9,9.2,2,花蓮縣政府東北方  41.0  公里 (位於臺灣東部海域)(臺灣東部海域)
小區域有感地震,2024-04-09 03:42:45,121.692,24.1085,3.6,18.1,2,花蓮縣政府北北東方  14.9  公里 (位於花蓮縣近海)(花蓮縣近海)
小區域有感地震,2024-04-09 03:12:24,121.814,24.2838,3.2,9.2,3,花蓮縣政府北北東方  38.0  公里 (位於花蓮縣近海)(花蓮縣近海)
小區域有感地震,2024-04-09 02:19:23,121.638,23.823,3.4,14.3,2,花蓮縣政府南方  18.7  公里 (位於花蓮縣近海)(花蓮縣近海)
181   ,2024-04-09 02:02:37,121.656,23.9365,5.4,35.4,4,花蓮縣政府南南東方  7.1  公里 (位於花蓮縣近海)(花蓮縣近海)
小區域有感地震,2024-04-09 02:01:28,121.74,24.2605,3.0,12.2,1,花蓮縣政府北北東方  32.3  公里 (位於花蓮縣近海)(花蓮縣近海)
小區域有感地震,2024-04-09 01:38:00,122.018,24.3128,3.7,17.2,2,宜蘭縣政府南南東方  53.0  公里 (位於臺灣東部海域)(臺灣東部海域)
小區域有感地震,2024-04-08 22:14:45,121.606,23.9602,3.9,42.1,1,花蓮縣政府南南西方  3.7  公里 (位於花蓮縣近海)(花蓮縣近海)
小區域有感地震,2024-04-08 21:46:53,121.923,24.488,3.5,13.9,2,宜蘭縣政府南南東方  31.4  公里 (位於宜蘭縣近海)(宜蘭縣近海)
小區域有感地震,2024-04-08 21:28:07,121.803,24.2753,3.4,10.7,2,花蓮縣政府北北東方  36.6  公里 (位於花蓮縣近海)(花蓮縣近海)
小區域有感地震,2024-04-08 21:03:53,121.644,24.1988,3.8,30.3,2,花蓮縣政府北方  23.1  公里 (位於花蓮縣秀林鄉)(花蓮縣秀林鄉)
小區域有感地震,2024-04-08 20:23:46,121.574,24.02,4.0,8.5,4,花蓮縣政府西北西方  5.7  公里 (位於花蓮縣秀林鄉)(花蓮縣秀林鄉)
小區域有感地震,2024-04-08 20:22:55,121.571,23.7817,3.5,8.1,3,花蓮縣政府南南西方  23.7  公里 (位於花蓮縣近海)(花蓮縣近海)
小區域有感地震,2024-04-08 19:48:16,121.838,24.2967,3.5,8.7,2,花蓮縣政府東北方  40.5  公里 (位於花蓮縣近海)(花蓮縣近海)
小區域有感地震,2024-04-08 19:33:47,121.746,24.2567,3.0,11.6,2,花蓮縣政府北北東方  32.1  公里 (位於花蓮縣近海)(花蓮縣近海)
小區域有感地震,2024-04-08 19:15:13,120.63,23.329,3.7,9.0,2,嘉義縣政府東南東方  37.3  公里 (位於嘉義縣大埔鄉)(嘉義縣大埔鄉)
小區域有感地震,2024-04-08 18:20:54,121.624,24.099,3.5,7.6,3,花蓮縣政府北方  12.0  公里 (位於花蓮縣近海)(花蓮縣近海)
小區域有感地震,2024-04-08 18:18:12,121.594,23.7988,3.7,31.8,1,花蓮縣政府南方  21.4  公里 (位於花蓮縣近海)(花蓮縣近海)
小區域有感地震,2024-04-08 17:35:26,121.57,24.0178,3.4,9.0,3,花蓮縣政府西北西方  5.9  公里 (位於花蓮縣秀林鄉)(花蓮縣秀林鄉)
小區域有感地震,2024-04-08 17:24:15,121.847,24.3042,3.3,12.8,2,花蓮縣政府東北方  41.7  公里 (位於花蓮縣近海)(花蓮縣近海)
小區域有感地震,2024-04-08 17:19:45,121.688,24.2193,4.4,29.1,2,花蓮縣政府北北東方  26.2  公里 (位於花蓮縣近海)(花蓮縣近海)
小區域有感地震,2024-04-08 16:52:23,121.611,23.944,3.7,32.6,1,花蓮縣政府南南西方  5.3  公里 (位於花蓮縣近海)(花蓮縣近海)
小區域有感地震,2024-04-08 16:50:56,121.739,24.2595,3.8,12.0,3,花蓮縣政府北北東方  32.1  公里 (位於花蓮縣近海)(花蓮縣近海)
180   ,2024-04-08 16:45:06,121.637,23.9527,4.5,34.5,3,花蓮縣政府南南東方  4.6  公里 (位於花蓮縣近海)(花蓮縣近海)
小區域有感地震,2024-04-08 16:44:29,121.648,23.9503,4.1,34.1,2,花蓮縣政府東南方  5.3  公里 (位於花蓮縣近海)(花蓮縣近海)
小區域有感地震,2024-04-08 16:14:15,121.697,24.186,4.1,10.0,4,花蓮縣政府北北東方  23.0  公里 (位於花蓮縣近海)(花蓮縣近海)
小區域有感地震,2024-04-08 16:00:34,121.685,24.2583,3.2,19.1,1,花蓮縣政府北北東方  30.3  公里 (位於花蓮縣秀林鄉)(花蓮縣秀林鄉)
小區域有感地震,2024-04-08 15:12:45,121.851,24.2052,3.4,22.7,1,花蓮縣政府東北方  33.4  公里 (位於臺灣東部海域)(臺灣東部海域)
小區域有感地震,2024-04-08 15:00:31,121.75,24.2247,3.5,14.9,1,花蓮縣政府北北東方  29.1  公里 (位於花蓮縣近海)(花蓮縣近海)
小區域有感地震,2024-04-08 14:11:53,121.568,24.012,3.5,8.1,2,花蓮縣政府西北西方  5.8  公里 (位於花蓮縣秀林鄉)(花蓮縣秀林鄉)
小區域有感地震,2024-04-08 14:02:46,121.568,23.8057,3.6,20.1,2,花蓮縣政府南南西方  21.2  公里 (位於花蓮縣壽豐鄉)(花蓮縣壽豐鄉)
小區域有感地震,2024-04-08 13:23:59,121.841,24.2075,3.7,23.3,2,花蓮縣政府東北方  32.9  公里 (位於臺灣東部海域)(臺灣東部海域)
179   ,2024-04-08 13:09:35,121.823,24.2157,5.2,24.5,4,花蓮縣政府東北方  32.3  公里 (位於臺灣東部海域)(臺灣東部海域)
小區域有感地震,2024-04-08 12:49:58,121.734,24.3083,3.3,16.3,2,花蓮縣政府北北東方  37.0  公里 (位於花蓮縣秀林鄉)(花蓮縣秀林鄉)
小區域有感地震,2024-04-08 12:26:37,121.696,24.2425,3.1,12.1,1,花蓮縣政府北北東方  28.9  公里 (位於花蓮縣秀林鄉)(花蓮縣秀林鄉)
小區域有感地震,2024-04-08 12:23:55,121.706,24.2438,3.3,12.8,2,花蓮縣政府北北東方  29.3  公里 (位於花蓮縣近海)(花蓮縣近海)
小區域有感地震,2024-04-08 11:31:51,121.703,24.247,3.3,13.6,2,花蓮縣政府北北東方  29.6  公里 (位於花蓮縣秀林鄉)(花蓮縣秀林鄉)
小區域有感地震,2024-04-08 11:28:39,121.709,24.2393,3.4,12.5,2,花蓮縣政府北北東方  29.0  公里 (位於花蓮縣近海)(花蓮縣近海)
小區域有感地震,2024-04-08 09:46:04,121.831,24.2553,4.0,24.0,2,花蓮縣政府東北方  36.3  公里 (位於花蓮縣近海)(花蓮縣近海)
小區域有感地震,2024-04-08 09:31:48,121.554,24.0152,3.4,6.8,3,花蓮縣政府西北西方  7.2  公里 (位於花蓮縣秀林鄉)(花蓮縣秀林鄉)
178   ,2024-04-08 07:28:50,121.856,24.2477,4.4,24.3,3,花蓮縣政府東北方  37.2  公里 (位於臺灣東部海域)(臺灣東部海域)
小區域有感地震,2024-04-08 07:03:42,121.571,23.9983,3.7,9.1,4,花蓮縣政府西方  5.1  公里 (位於花蓮縣花蓮市)(花蓮縣花蓮市)
177   ,2024-04-08 06:49:29,121.863,24.24,5.0,24.0,3,花蓮縣政府東北方  37.0  公里 (位於臺灣東部海域)(臺灣東部海域)
小區域有感地震,2024-04-08 06:48:13,121.707,24.2662,3.1,12.4,3,花蓮縣政府北北東方  31.7  公里 (位於花蓮縣秀林鄉)(花蓮縣秀林鄉)
小區域有感地震,2024-04-08 06:40:03,121.759,24.2572,3.5,13.0,2,花蓮縣政府北北東方  32.7  公里 (位於花蓮縣近海)(花蓮縣近海)
小區域有感地震,2024-04-08 06:30:02,121.534,23.797,3.2,15.3,1,花蓮縣政府南南西方  23.2  公里 (位於花蓮縣壽豐鄉)(花蓮縣壽豐鄉)
小區域有感地震,2024-04-08 05:00:59,121.713,24.2647,3.0,13.4,2,花蓮縣政府北北東方  31.7  公里 (位於花蓮縣秀林鄉)(花蓮縣秀林鄉)
小區域有感地震,2024-04-08 04:22:52,121.738,24.2347,3.5,14.9,2,花蓮縣政府北北東方  29.5  公里 (位於花蓮縣近海)(花蓮縣近海)
小區域有感地震,2024-04-08 04:21:44,121.606,23.9028,3.8,28.8,1,花蓮縣政府南方  9.9  公里 (位於花蓮縣近海)(花蓮縣近海)
176   ,2024-04-08 03:58:41,121.657,23.9417,4.7,39.4,2,花蓮縣政府東南方  6.6  公里 (位於花蓮縣近海)(花蓮縣近海)
小區域有感地震,2024-04-08 03:47:22,120.659,22.7948,2.0,20.8,0,屏東縣政府東北東方  21.5  公里 (位於屏東縣三地門鄉)(屏東縣三地門鄉)
小區域有感地震,2024-04-08 03:47:20,121.709,24.2625,3.7,13.2,2,花蓮縣政府北北東方  31.4  公里 (位於花蓮縣秀林鄉)(花蓮縣秀林鄉)
小區域有感地震,2024-04-08 02:12:54,121.604,24.0225,4.3,20.2,3,花蓮縣政府北北西方  3.8  公里 (位於花蓮縣新城鄉)(花蓮縣新城鄉)
175   ,2024-04-08 02:12:47,121.833,24.2925,3.6,11.0,3,花蓮縣政府東北方  39.8  公里 (位於花蓮縣近海)(花蓮縣近海)
小區域有感地震,2024-04-08 01:45:03,121.845,24.2828,3.2,10.7,2,花蓮縣政府東北方  39.6  公里 (位於臺灣東部海域)(臺灣東部海域)
小區域有感地震,2024-04-08 01:23:59,120.186,23.3627,4.0,11.6,3,嘉義縣政府西南方  15.3  公里 (位於嘉義縣義竹鄉)(嘉義縣義竹鄉)
小區域有感地震,2024-04-08 01:03:08,121.543,23.774,3.8,18.5,1,花蓮縣政府南南西方  25.3  公里 (位於花蓮縣壽豐鄉)(花蓮縣壽豐鄉)
小區域有感地震,2024-04-08 00:14:51,121.65,24.0222,3.6,29.6,2,花蓮縣政府東北方  4.6  公里 (位於花蓮縣近海)(花蓮縣近海)
174   ,2024-04-07 23:35:22,121.848,24.2892,4.2,10.5,3,花蓮縣政府東北方  40.4  公里 (位於臺灣東部海域)(臺灣東部海域)
小區域有感地震,2024-04-07 23:17:27,121.613,24.074,3.5,7.1,3,花蓮縣政府北方  9.2  公里 (位於花蓮縣近海)(花蓮縣近海)
小區域有感地震,2024-04-07 22:30:54,121.645,24.0288,3.8,26.1,2,花蓮縣政府北北東方  4.9  公里 (位於花蓮縣近海)(花蓮縣近海)
小區域有感地震,2024-04-07 22:19:53,121.656,24.018,3.5,28.4,2,花蓮縣政府東北方  4.7  公里 (位於花蓮縣近海)(花蓮縣近海)
小區域有感地震,2024-04-07 22:13:38,121.971,24.1762,4.3,28.3,3,花蓮縣政府東北東方  41.1  公里 (位於臺灣東部海域)(臺灣東部海域)
小區域有感地震,2024-04-07 21:46:53,121.693,24.1057,3.7,17.2,2,花蓮縣政府北北東方  14.7  公里 (位於花蓮縣近海)(花蓮縣近海)
小區域有感地震,2024-04-07 21:21:53,121.642,24.0338,3.7,27.6,1,花蓮縣政府北北東方  5.2  公里 (位於花蓮縣近海)(花蓮縣近海)
小區域有感地震,2024-04-07 20:47:59,121.747,24.2142,3.5,12.3,2,花蓮縣政府北北東方  27.9  公里 (位於花蓮縣近海)(花蓮縣近海)
小區域有感地震,2024-04-07 20:08:32,121.741,24.2597,3.0,11.2,1,花蓮縣政府北北東方  32.2  公里 (位於花蓮縣近海)(花蓮縣近海)
小區域有感地震,2024-04-07 20:03:04,121.555,23.776,3.6,19.7,2,花蓮縣政府南南西方  24.7  公里 (位於花蓮縣壽豐鄉)(花蓮縣壽豐鄉)
小區域有感地震,2024-04-07 19:49:29,121.747,24.2488,3.2,11.9,1,花蓮縣政府北北東方  31.3  公里 (位於花蓮縣近海)(花蓮縣近海)
小區域有感地震,2024-04-07 19:33:12,121.66,24.0227,4.4,40.2,2,花蓮縣政府東北方  5.4  公里 (位於花蓮縣近海)(花蓮縣近海)
小區域有感地震,2024-04-07 19:27:22,121.705,24.2438,3.4,14.8,2,花蓮縣政府北北東方  29.3  公里 (位於花蓮縣秀林鄉)(花蓮縣秀林鄉)
小區域有感地震,2024-04-07 19:24:54,121.759,23.8237,3.5,8.7,2,花蓮縣政府東南方  23.3  公里 (位於臺灣東部海域)(臺灣東部海域)
小區域有感地震,2024-04-07 19:01:12,121.571,24.0042,3.5,8.4,4,花蓮縣政府西北西方  5.2  公里 (位於花蓮縣花蓮市)(花蓮縣花蓮市)
小區域有感地震,2024-04-07 18:52:43,121.903,24.1967,4.0,23.6,2,花蓮縣政府東北方  36.7  公里 (位於臺灣東部海域)(臺灣東部海域)
173   ,2024-04-07 18:24:40,121.69,24.1027,4.5,17.7,4,花蓮縣政府北北東方  14.3  公里 (位於花蓮縣近海)(花蓮縣近海)
小區域有感地震,2024-04-07 18:17:04,121.718,24.2772,3.2,13.5,2,花蓮縣政府北北東方  33.2  公里 (位於花蓮縣秀林鄉)(花蓮縣秀林鄉)
小區域有感地震,2024-04-07 18:15:25,121.718,24.2742,3.6,13.7,2,花蓮縣政府北北東方  32.9  公里 (位於花蓮縣秀林鄉)(花蓮縣秀林鄉)
172   ,2024-04-07 18:01:22,121.971,24.1607,5.6,41.7,4,花蓮縣政府東北東方  40.3  公里 (位於臺灣東部海域)(臺灣東部海域)
小區域有感地震,2024-04-07 17:49:56,121.833,24.2468,4.0,2.8,2,花蓮縣政府東北方  35.6  公里 (位於臺灣東部海域)(臺灣東部海域)
小區域有感地震,2024-04-07 16:05:01,121.664,24.1518,3.4,17.0,2,花蓮縣政府北北東方  18.4  公里 (位於花蓮縣近海)(花蓮縣近海)
小區域有感地震,2024-04-07 15:45:13,121.705,24.1323,3.9,15.4,3,花蓮縣政府北北東方  17.9  公里 (位於花蓮縣近海)(花蓮縣近海)
小區域有感地震,2024-04-07 15:43:12,121.547,23.7943,3.9,19.7,2,花蓮縣政府南南西方  23.0  公里 (位於花蓮縣壽豐鄉)(花蓮縣壽豐鄉)
小區域有感地震,2024-04-07 15:42:20,121.701,24.2475,3.7,14.9,2,花蓮縣政府北北東方  29.6  公里 (位於花蓮縣秀林鄉)(花蓮縣秀林鄉)
小區域有感地震,2024-04-07 14:10:57,121.744,24.1932,3.8,21.9,3,花蓮縣政府北北東方  25.7  公里 (位於花蓮縣近海)(花蓮縣近海)
小區域有感地震,2024-04-07 13:00:07,121.727,24.057,4.4,36.5,2,花蓮縣政府東北東方  13.1  公里 (位於臺灣東部海域)(臺灣東部海域)
171   ,2024-04-07 12:48:02,121.551,23.8443,4.3,24.0,4,花蓮縣政府南南西方  17.7  公里 (位於花蓮縣壽豐鄉)(花蓮縣壽豐鄉)
170   ,2024-04-07 12:43:14,121.613,23.9683,4.5,27.5,3,花蓮縣政府南南西方  2.6  公里 (位於花蓮縣近海)(花蓮縣近海)
小區域有感地震,2024-04-07 12:21:29,121.769,24.255,3.4,12.3,2,花蓮縣政府北北東方  32.9  公里 (位於花蓮縣近海)(花蓮縣近海)
小區域有感地震,2024-04-07 12:21:18,121.565,23.8135,3.7,4.3,2,花蓮縣政府南南西方  20.4  公里 (位於花蓮縣壽豐鄉)(花蓮縣壽豐鄉)
小區域有感地震,2024-04-07 11:45:20,121.595,23.8065,4.1,34.5,3,花蓮縣政府南方  20.6  公里 (位於花蓮縣近海)(花蓮縣近海)
小區域有感地震,2024-04-07 11:31:39,121.722,24.2693,3.4,14.5,2,花蓮縣政府北北東方  32.5  公里 (位於花蓮縣秀林鄉)(花蓮縣秀林鄉)
小區域有感地震,2024-04-07 10:52:12,121.74,24.1175,3.9,32.1,2,花蓮縣政府東北方  18.5  公里 (位於臺灣東部海域)(臺灣東部海域)
小區域有感地震,2024-04-07 10:38:02,121.676,24.2627,3.3,13.6,2,花蓮縣政府北北東方  30.6  公里 (位於花蓮縣秀林鄉)(花蓮縣秀林鄉)
169   ,2024-04-07 10:06:00,121.751,24.2672,4.6,12.3,3,花蓮縣政府北北東方  33.4  公里 (位於花蓮縣近海)(花蓮縣近海)
小區域有感地震,2024-04-07 09:55:48,121.54,23.9212,3.1,8.3,2,花蓮縣政府西南方  11.2  公里 (位於花蓮縣壽豐鄉)(花蓮縣壽豐鄉)
小區域有感地震,2024-04-07 09:55:35,121.693,24.2843,3.1,12.6,2,花蓮縣政府北北東方  33.3  公里 (位於花蓮縣秀林鄉)(花蓮縣秀林鄉)
小區域有感地震,2024-04-07 09:44:55,121.569,23.932,3.7,8.6,3,花蓮縣政府西南方  8.4  公里 (位於花蓮縣吉安鄉)(花蓮縣吉安鄉)
小區域有感地震,2024-04-07 08:45:10,121.571,23.8602,3.8,10.5,3,花蓮縣政府南南西方  15.3  公里 (位於花蓮縣壽豐鄉)(花蓮縣壽豐鄉)
小區域有感地震,2024-04-07 08:40:44,121.694,24.1362,3.7,10.8,2,花蓮縣政府北北東方  17.8  公里 (位於花蓮縣近海)(花蓮縣近海)
小區域有感地震,2024-04-07 08:36:46,121.543,23.9407,3.7,10.5,3,花蓮縣政府西南西方  9.6  公里 (位於花蓮縣吉安鄉)(花蓮縣吉安鄉)
小區域有感地震,2024-04-07 06:52:51,121.833,24.2005,3.7,23.4,2,花蓮縣政府東北方  31.7  公里 (位於臺灣東部海域)(臺灣東部海域)
小區域有感地震,2024-04-07 06:42:54,121.58,24.0615,3.6,6.4,3,花蓮縣政府北北西方  8.8  公里 (位於花蓮縣秀林鄉)(花蓮縣秀林鄉)
小區域有感地震,2024-04-07 06:41:16,121.791,24.1937,3.7,11.3,2,花蓮縣政府東北方  28.4  公里 (位於臺灣東部海域)(臺灣東部海域)
168   ,2024-04-07 06:30:51,121.599,24.0588,4.2,6.7,4,花蓮縣政府北北西方  7.8  公里 (位於花蓮縣新城鄉)(花蓮縣新城鄉)
小區域有感地震,2024-04-07 06:02:12,121.591,24.0625,3.6,6.7,2,花蓮縣政府北北西方  8.4  公里 (位於花蓮縣秀林鄉)(花蓮縣秀林鄉)
167   ,2024-04-07 05:50:20,121.704,24.2433,4.3,15.1,3,花蓮縣政府北北東方  29.2  公里 (位於花蓮縣秀林鄉)(花蓮縣秀林鄉)
小區域有感地震,2024-04-07 05:45:28,121.707,24.2425,3.4,15.6,2,花蓮縣政府北北東方  29.2  公里 (位於花蓮縣近海)(花蓮縣近海)
小區域有感地震,2024-04-07 05:42:45,121.617,24.111,3.1,7.5,2,花蓮縣政府北方  13.3  公里 (位於花蓮縣新城鄉)(花蓮縣新城鄉)
小區域有感地震,2024-04-07 05:25:20,121.744,24.264,3.7,12.0,2,花蓮縣政府北北東方  32.7  公里 (位於花蓮縣近海)(花蓮縣近海)
小區域有感地震,2024-04-07 05:24:56,121.752,24.2597,4.1,11.3,3,花蓮縣政府北北東方  32.6  公里 (位於花蓮縣近海)(花蓮縣近海)
166   ,2024-04-07 05:15:10,121.722,24.04,5.2,21.5,4,花蓮縣政府東北東方  11.7  公里 (位於臺灣東部海域)(臺灣東部海域)
小區域有感地震,2024-04-07 04:28:06,121.543,23.8652,3.4,8.8,2,花蓮縣政府南南西方  16.0  公里 (位於花蓮縣壽豐鄉)(花蓮縣壽豐鄉)
小區域有感地震,2024-04-07 03:57:53,121.715,24.02,3.3,30.2,1,花蓮縣政府東北東方  10.2  公里 (位於花蓮縣近海)(花蓮縣近海)
小區域有感地震,2024-04-07 03:46:11,121.779,24.203,3.7,8.8,3,花蓮縣政府東北方  28.5  公里 (位於臺灣東部海域)(臺灣東部海域)
小區域有感地震,2024-04-07 01:56:22,121.754,24.2685,3.8,12.3,2,花蓮縣政府北北東方  33.6  公里 (位於花蓮縣近海)(花蓮縣近海)
小區域有感地震,2024-04-07 01:49:06,121.606,23.96,3.6,28.0,2,花蓮縣政府南南西方  3.7  公里 (位於花蓮縣近海)(花蓮縣近海)
小區域有感地震,2024-04-07 01:48:32,121.741,24.2633,3.7,12.2,2,花蓮縣政府北北東方  32.6  公里 (位於花蓮縣近海)(花蓮縣近海)
小區域有感地震,2024-04-07 01:48:12,121.743,24.2622,3.7,12.1,2,花蓮縣政府北北東方  32.5  公里 (位於花蓮縣近海)(花蓮縣近海)
小區域有感地震,2024-04-07 01:37:53,121.655,24.1993,3.6,29.7,2,花蓮縣政府北方  23.3  公里 (位於花蓮縣秀林鄉)(花蓮縣秀林鄉)
小區域有感地震,2024-04-07 00:40:59,121.765,24.2748,3.8,12.8,3,花蓮縣政府北北東方  34.7  公里 (位於花蓮縣近海)(花蓮縣近海)
小區域有感地震,2024-04-07 00:19:47,121.585,24.059,3.5,6.5,2,花蓮縣政府北北西方  8.3  公里 (位於花蓮縣秀林鄉)(花蓮縣秀林鄉)
小區域有感地震,2024-04-07 00:05:13,121.744,24.23,3.1,13.3,1,花蓮縣政府北北東方  29.3  公里 (位於花蓮縣近海)(花蓮縣近海)
165   ,2024-04-07 00:03:05,121.75,24.2258,4.0,12.9,3,花蓮縣政府北北東方  29.2  公里 (位於花蓮縣近海)(花蓮縣近海)
小區域有感地震,2024-04-06 23:53:49,121.744,24.267,3.9,12.3,1,花蓮縣政府北北東方  33.1  公里 (位於花蓮縣近海)(花蓮縣近海)
164   ,2024-04-06 23:53:11,121.85,24.195,5.1,22.1,4,花蓮縣政府東北方  32.5  公里 (位於臺灣東部海域)(臺灣東部海域)
163   ,2024-04-06 23:46:26,121.75,24.262,4.1,12.1,3,花蓮縣政府北北東方  32.8  公里 (位於花蓮縣近海)(花蓮縣近海)
小區域有感地震,2024-04-06 23:45:07,121.762,24.2647,3.9,12.6,2,花蓮縣政府北北東方  33.6  公里 (位於花蓮縣近海)(花蓮縣近海)
小區域有感地震,2024-04-06 23:43:53,121.757,24.2613,3.5,12.7,2,花蓮縣政府北北東方  33.0  公里 (位於花蓮縣近海)(花蓮縣近海)
162   ,2024-04-06 23:43:09,121.764,24.2565,4.4,12.3,3,花蓮縣政府北北東方  32.9  公里 (位於花蓮縣近海)(花蓮縣近海)
小區域有感地震,2024-04-06 23:11:51,121.535,23.8513,3.2,8.9,2,花蓮縣政府南南西方  17.7  公里 (位於花蓮縣壽豐鄉)(花蓮縣壽豐鄉)
小區域有感地震,2024-04-06 23:09:37,121.688,24.2298,3.3,17.0,2,花蓮縣政府北北東方  27.3  公里 (位於花蓮縣秀林鄉)(花蓮縣秀林鄉)
小區域有感地震,2024-04-06 23:01:00,121.831,24.2578,3.4,23.1,2,花蓮縣政府東北方  36.5  公里 (位於花蓮縣近海)(花蓮縣近海)
小區域有感地震,2024-04-06 22:55:37,121.74,24.2287,3.3,12.0,2,花蓮縣政府北北東方  29.0  公里 (位於花蓮縣近海)(花蓮縣近海)
小區域有感地震,2024-04-06 22:53:22,121.827,24.2575,3.6,22.3,2,花蓮縣政府東北方  36.3  公里 (位於花蓮縣近海)(花蓮縣近海)
小區域有感地震,2024-04-06 22:09:50,121.545,23.8552,3.5,7.8,2,花蓮縣政府南南西方  16.9  公里 (位於花蓮縣壽豐鄉)(花蓮縣壽豐鄉)
小區域有感地震,2024-04-06 22:02:26,121.614,23.9472,3.9,25.6,2,花蓮縣政府南方  4.9  公里 (位於花蓮縣近海)(花蓮縣近海)
小區域有感地震,2024-04-06 21:35:33,121.74,24.231,3.2,11.6,2,花蓮縣政府北北東方  29.2  公里 (位於花蓮縣近海)(花蓮縣近海)
小區域有感地震,2024-04-06 21:31:17,121.752,24.2317,3.7,13.4,2,花蓮縣政府北北東方  29.8  公里 (位於花蓮縣近海)(花蓮縣近海)
小區域有感地震,2024-04-06 21:29:21,121.788,24.1597,3.3,9.7,2,花蓮縣政府東北方  25.3  公里 (位於臺灣東部海域)(臺灣東部海域)
小區域有感地震,2024-04-06 21:22:29,121.872,24.208,3.9,26.2,1,花蓮縣政府東北方  35.1  公里 (位於臺灣東部海域)(臺灣東部海域)
小區域有感地震,2024-04-06 21:19:04,121.738,24.242,4.1,12.8,2,花蓮縣政府北北東方  30.3  公里 (位於花蓮縣近海)(花蓮縣近海)
161   ,2024-04-06 21:17:53,121.753,24.2275,4.7,12.1,4,花蓮縣政府北北東方  29.5  公里 (位於花蓮縣近海)(花蓮縣近海)
小區域有感地震,2024-04-06 20:43:43,121.646,23.8698,3.8,32.5,1,花蓮縣政府南南東方  13.7  公里 (位於花蓮縣近海)(花蓮縣近海)
小區域有感地震,2024-04-06 20:39:05,121.757,24.2493,3.4,12.1,2,花蓮縣政府北北東方  31.8  公里 (位於花蓮縣近海)(花蓮縣近海)
小區域有感地震,2024-04-06 20:32:33,121.767,24.121,3.7,29.5,2,花蓮縣政府東北方  20.8  公里 (位於臺灣東部海域)(臺灣東部海域)
小區域有感地震,2024-04-06 19:53:52,121.871,24.2557,4.0,20.8,1,花蓮縣政府東北方  38.8  公里 (位於臺灣東部海域)(臺灣東部海域)
小區域有感地震,2024-04-06 19:33:56,121.503,23.861,3.8,10.5,3,花蓮縣政府西南方  18.7  公里 (位於花蓮縣壽豐鄉)(花蓮縣壽豐鄉)
小區域有感地震,2024-04-06 19:29:40,121.747,24.2542,3.7,11.8,3,花蓮縣政府北北東方  31.9  公里 (位於花蓮縣近海)(花蓮縣近海)
小區域有感地震,2024-04-06 19:25:25,121.747,24.2515,3.7,12.0,3,花蓮縣政府北北東方  31.6  公里 (位於花蓮縣近海)(花蓮縣近海)
小區域有感地震,2024-04-06 19:15:51,121.741,24.2533,3.1,11.8,2,花蓮縣政府北北東方  31.5  公里 (位於花蓮縣近海)(花蓮縣近海)
小區域有感地震,2024-04-06 19:14:12,121.747,24.2523,3.3,12.0,1,花蓮縣政府北北東方  31.7  公里 (位於花蓮縣近海)(花蓮縣近海)
小區域有感地震,2024-04-06 18:50:18,121.554,23.8557,3.3,10.4,2,花蓮縣政府南南西方  16.4  公里 (位於花蓮縣壽豐鄉)(花蓮縣壽豐鄉)
小區域有感地震,2024-04-06 18:49:09,121.545,23.8547,4.0,8.9,3,花蓮縣政府南南西方  16.9  公里 (位於花蓮縣壽豐鄉)(花蓮縣壽豐鄉)
160   ,2024-04-06 18:47:13,121.666,23.9365,5.3,34.0,4,花蓮縣政府東南方  7.6  公里 (位於花蓮縣近海)(花蓮縣近海)
小區域有感地震,2024-04-06 18:41:52,121.602,24.058,3.8,7.2,4,花蓮縣政府北北西方  7.7  公里 (位於花蓮縣新城鄉)(花蓮縣新城鄉)
小區域有感地震,2024-04-06 18:08:46,121.75,24.2433,3.2,11.7,2,花蓮縣政府北北東方  30.9  公里 (位於花蓮縣近海)(花蓮縣近海)
小區域有感地震,2024-04-06 17:33:50,121.734,24.1878,3.6,19.4,2,花蓮縣政府北北東方  24.7  公里 (位於花蓮縣近海)(花蓮縣近海)
小區域有感地震,2024-04-06 17:18:19,121.745,24.1792,3.5,19.2,2,花蓮縣政府北北東方  24.4  公里 (位於花蓮縣近海)(花蓮縣近海)
小區域有感地震,2024-04-06 17:14:39,121.748,24.2453,3.8,12.5,2,花蓮縣政府北北東方  31.0  公里 (位於花蓮縣近海)(花蓮縣近海)
159   ,2024-04-06 17:07:57,121.744,24.232,4.2,12.2,3,花蓮縣政府北北東方  29.5  公里 (位於花蓮縣近海)(花蓮縣近海)
小區域有感地震,2024-04-06 16:17:02,121.705,24.1248,3.5,17.5,2,花蓮縣政府北北東方  17.2  公里 (位於花蓮縣近海)(花蓮縣近海)
小區域有感地震,2024-04-06 16:14:02,121.55,23.8535,3.9,8.9,4,花蓮縣政府南南西方  16.8  公里 (位於花蓮縣壽豐鄉)(花蓮縣壽豐鄉)
158   ,2024-04-06 16:10:25,121.552,23.8537,4.7,8.3,4,花蓮縣政府南南西方  16.7  公里 (位於花蓮縣壽豐鄉)(花蓮縣壽豐鄉)
小區域有感地震,2024-04-06 15:55:05,121.698,24.1272,3.5,16.3,2,花蓮縣政府北北東方  17.0  公里 (位於花蓮縣近海)(花蓮縣近海)
157   ,2024-04-06 15:53:29,121.707,24.1225,4.2,17.0,4,花蓮縣政府北北東方  17.0  公里 (位於花蓮縣近海)(花蓮縣近海)
小區域有感地震,2024-04-06 14:52:33,121.616,23.8588,4.5,32.3,2,花蓮縣政府南方  14.6  公里 (位於花蓮縣近海)(花蓮縣近海)
小區域有感地震,2024-04-06 14:39:51,121.699,24.1135,3.3,7.6,3,花蓮縣政府北北東方  15.8  公里 (位於花蓮縣近海)(花蓮縣近海)
156   ,2024-04-06 14:02:20,121.748,23.9482,4.7,25.0,3,花蓮縣政府東南東方  13.8  公里 (位於臺灣東部海域)(臺灣東部海域)
小區域有感地震,2024-04-06 13:48:26,121.51,23.7687,3.3,8.8,2,花蓮縣政府南南西方  27.1  公里 (位於花蓮縣壽豐鄉)(花蓮縣壽豐鄉)
155   ,2024-04-06 13:25:22,121.731,24.1833,4.3,20.4,3,花蓮縣政府北北東方  24.1  公里 (位於花蓮縣近海)(花蓮縣近海)
小區域有感地震,2024-04-06 12:37:20,121.824,24.2598,3.5,23.6,2,花蓮縣政府東北方  36.3  公里 (位於花蓮縣近海)(花蓮縣近海)
小區域有感地震,2024-04-06 12:30:25,121.73,24.2143,3.2,15.8,2,花蓮縣政府北北東方  27.2  公里 (位於花蓮縣近海)(花蓮縣近海)
小區域有感地震,2024-04-06 12:00:04,121.735,24.178,3.5,20.0,2,花蓮縣政府北北東方  23.8  公里 (位於花蓮縣近海)(花蓮縣近海)
154   ,2024-04-06 11:52:55,121.728,24.1908,5.3,20.5,4,花蓮縣政府北北東方  24.7  公里 (位於花蓮縣近海)(花蓮縣近海)
小區域有感地震,2024-04-06 11:50:22,121.671,24.167,4.3,17.8,3,花蓮縣政府北北東方  20.2  公里 (位於花蓮縣近海)(花蓮縣近海)
小區域有感地震,2024-04-06 11:33:59,121.74,24.2197,3.5,13.9,2,花蓮縣政府北北東方  28.1  公里 (位於花蓮縣近海)(花蓮縣近海)
小區域有感地震,2024-04-06 11:20:13,121.712,24.2007,3.4,15.6,3,花蓮縣政府北北東方  25.0  公里 (位於花蓮縣近海)(花蓮縣近海)
小區域有感地震,2024-04-06 10:56:35,121.622,23.9588,4.2,27.9,3,花蓮縣政府南方  3.6  公里 (位於花蓮縣近海)(花蓮縣近海)
小區域有感地震,2024-04-06 10:07:24,121.669,23.9188,4.0,34.0,1,花蓮縣政府東南方  9.4  公里 (位於花蓮縣近海)(花蓮縣近海)
小區域有感地震,2024-04-06 09:42:55,121.98,24.2992,3.7,15.3,2,花蓮縣政府東北方  50.0  公里 (位於臺灣東部海域)(臺灣東部海域)
小區域有感地震,2024-04-06 09:37:50,122.036,23.6983,4.9,29.8,2,花蓮縣政府東南方  53.3  公里 (位於臺灣東部海域)(臺灣東部海域)
小區域有感地震,2024-04-06 09:34:28,121.708,24.1117,3.9,6.1,3,花蓮縣政府東北方  16.1  公里 (位於花蓮縣近海)(花蓮縣近海)
小區域有感地震,2024-04-06 09:33:41,121.706,24.1062,4.2,6.9,4,花蓮縣政府東北方  15.5  公里 (位於花蓮縣近海)(花蓮縣近海)
小區域有感地震,2024-04-06 09:31:03,121.746,24.2572,3.5,13.7,2,花蓮縣政府北北東方  32.1  公里 (位於花蓮縣近海)(花蓮縣近海)
小區域有感地震,2024-04-06 09:26:16,121.759,24.2568,3.5,15.1,3,花蓮縣政府北北東方  32.6  公里 (位於花蓮縣近海)(花蓮縣近海)
小區域有感地震,2024-04-06 08:48:58,121.829,24.2477,3.7,21.7,2,花蓮縣政府東北方  35.5  公里 (位於臺灣東部海域)(臺灣東部海域)
小區域有感地震,2024-04-06 08:46:00,121.762,24.2322,3.4,14.9,2,花蓮縣政府北北東方  30.4  公里 (位於花蓮縣近海)(花蓮縣近海)
小區域有感地震,2024-04-06 08:45:44,121.76,24.2325,3.8,14.9,2,花蓮縣政府北北東方  30.3  公里 (位於花蓮縣近海)(花蓮縣近海)
小區域有感地震,2024-04-06 08:37:54,121.753,24.2362,3.6,14.5,2,花蓮縣政府北北東方  30.3  公里 (位於花蓮縣近海)(花蓮縣近海)
小區域有感地震,2024-04-06 08:18:55,121.741,24.2497,3.6,14.3,3,花蓮縣政府北北東方  31.2  公里 (位於花蓮縣近海)(花蓮縣近海)
小區域有感地震,2024-04-06 07:54:18,121.7,24.1098,3.8,7.9,3,花蓮縣政府東北方  15.5  公里 (位於花蓮縣近海)(花蓮縣近海)
小區域有感地震,2024-04-06 07:42:35,121.694,24.1142,3.6,7.9,3,花蓮縣政府北北東方  15.6  公里 (位於花蓮縣近海)(花蓮縣近海)
153   ,2024-04-06 06:53:17,121.703,24.12,4.2,17.2,3,花蓮縣政府北北東方  16.6  公里 (位於花蓮縣近海)(花蓮縣近海)
小區域有感地震,2024-04-06 06:33:25,121.735,24.1622,3.8,10.7,3,花蓮縣政府東北方  22.3  公里 (位於花蓮縣近海)(花蓮縣近海)
小區域有感地震,2024-04-06 05:58:17,121.713,24.2703,4.0,14.0,3,花蓮縣政府北北東方  32.4  公里 (位於花蓮縣秀林鄉)(花蓮縣秀林鄉)
小區域有感地震,2024-04-06 05:46:50,121.733,24.2633,3.1,16.4,2,花蓮縣政府北北東方  32.3  公里 (位於花蓮縣秀林鄉)(花蓮縣秀林鄉)
小區域有感地震,2024-04-06 05:38:45,121.719,24.1595,3.7,12.5,2,花蓮縣政府北北東方  21.2  公里 (位於花蓮縣近海)(花蓮縣近海)
小區域有感地震,2024-04-06 05:34:13,121.648,24.0282,4.5,28.1,3,花蓮縣政府東北方  5.0  公里 (位於花蓮縣近海)(花蓮縣近海)
小區域有感地震,2024-04-06 05:33:53,121.652,23.9915,3.3,15.5,2,花蓮縣政府東方  3.2  公里 (位於花蓮縣近海)(花蓮縣近海)
小區域有感地震,2024-04-06 05:07:57,121.674,24.1612,3.6,18.0,3,花蓮縣政府北北東方  19.6  公里 (位於花蓮縣近海)(花蓮縣近海)
小區域有感地震,2024-04-06 05:03:19,121.75,24.2267,3.5,14.1,2,花蓮縣政府北北東方  29.3  公里 (位於花蓮縣近海)(花蓮縣近海)
小區域有感地震,2024-04-06 04:52:47,121.66,24.0563,3.5,26.6,2,花蓮縣政府北北東方  8.3  公里 (位於花蓮縣近海)(花蓮縣近海)
小區域有感地震,2024-04-06 04:36:23,121.646,23.9907,4.1,40.3,2,花蓮縣政府東方  2.6  公里 (位於花蓮縣近海)(花蓮縣近海)
152   ,2024-04-06 04:26:27,121.75,23.9668,5.4,26.0,4,花蓮縣政府東方  13.5  公里 (位於臺灣東部海域)(臺灣東部海域)
151   ,2024-04-06 04:12:11,121.713,24.131,4.5,16.4,3,花蓮縣政府北北東方  18.2  公里 (位於花蓮縣近海)(花蓮縣近海)
小區域有感地震,2024-04-06 03:51:10,121.735,24.1638,3.5,10.2,2,花蓮縣政府北北東方  22.4  公里 (位於花蓮縣近海)(花蓮縣近海)
小區域有感地震,2024-04-06 03:48:01,121.735,24.163,4.3,10.4,3,花蓮縣政府東北方  22.4  公里 (位於花蓮縣近海)(花蓮縣近海)
小區域有感地震,2024-04-06 02:49:24,121.967,23.893,4.8,31.6,2,花蓮縣政府東南東方  36.9  公里 (位於臺灣東部海域)(臺灣東部海域)
小區域有感地震,2024-04-06 02:39:22,121.709,24.1222,3.6,17.0,2,花蓮縣政府東北方  17.1  公里 (位於花蓮縣近海)(花蓮縣近海)
小區域有感地震,2024-04-06 01:59:03,121.72,24.1923,3.2,15.4,2,花蓮縣政府北北東方  24.5  公里 (位於花蓮縣近海)(花蓮縣近海)
小區域有感地震,2024-04-06 01:46:30,121.667,24.1652,4.0,26.8,2,花蓮縣政府北北東方  19.9  公里 (位於花蓮縣近海)(花蓮縣近海)
150   ,2024-04-06 01:17:18,121.635,24.0472,4.0,15.7,3,花蓮縣政府北北東方  6.4  公里 (位於花蓮縣近海)(花蓮縣近海)
小區域有感地震,2024-04-06 00:55:26,121.742,24.215,3.2,14.1,2,花蓮縣政府北北東方  27.7  公里 (位於花蓮縣近海)(花蓮縣近海)
小區域有感地震,2024-04-06 00:54:49,121.706,24.2065,3.3,17.0,2,花蓮縣政府北北東方  25.4  公里 (位於花蓮縣近海)(花蓮縣近海)
小區域有感地震,2024-04-06 00:40:13,121.845,24.2848,3.5,11.6,2,花蓮縣政府東北方  39.8  公里 (位於臺灣東部海域)(臺灣東部海域)
小區域有感地震,2024-04-06 00:22:28,121.783,24.178,4.5,4.0,2,花蓮縣政府東北方  26.5  公里 (位於臺灣東部海域)(臺灣東部海域)
149   ,2024-04-06 00:19:15,121.753,24.2138,4.3,14.3,3,花蓮縣政府北北東方  28.1  公里 (位於花蓮縣近海)(花蓮縣近海)
小區域有感地震,2024-04-06 00:17:30,121.758,24.2292,3.6,9.4,2,花蓮縣政府北北東方  29.9  公里 (位於花蓮縣近海)(花蓮縣近海)
148   ,2024-04-06 00:14:51,121.809,24.0577,4.2,24.2,3,花蓮縣政府東北東方  20.6  公里 (位於臺灣東部海域)(臺灣東部海域)
小區域有感地震,2024-04-06 00:09:30,121.701,24.1185,4.0,16.7,3,花蓮縣政府北北東方  16.4  公里 (位於花蓮縣近海)(花蓮縣近海)
小區域有感地震,2024-04-05 23:55:29,121.736,24.2228,3.2,13.5,1,花蓮縣政府北北東方  28.2  公里 (位於花蓮縣近海)(花蓮縣近海)
小區域有感地震,2024-04-05 23:46:14,121.7,24.1128,3.9,16.7,3,花蓮縣政府北北東方  15.8  公里 (位於花蓮縣近海)(花蓮縣近海)
小區域有感地震,2024-04-05 23:41:34,121.744,24.2197,3.4,12.9,3,花蓮縣政府北北東方  28.3  公里 (位於花蓮縣近海)(花蓮縣近海)
小區域有感地震,2024-04-05 23:23:18,121.378,23.2288,4.1,18.1,3,臺東縣政府北北東方  57.4  公里 (位於臺東縣長濱鄉)(臺東縣長濱鄉)
小區域有感地震,2024-04-05 23:20:04,121.759,24.244,3.9,16.6,2,花蓮縣政府北北東方  31.4  公里 (位於花蓮縣近海)(花蓮縣近海)
小區域有感地震,2024-04-05 23:19:07,121.767,24.234,3.9,18.1,2,花蓮縣政府北北東方  30.8  公里 (位於花蓮縣近海)(花蓮縣近海)
小區域有感地震,2024-04-05 23:14:33,121.54,23.8235,3.4,15.2,2,花蓮縣政府南南西方  20.3  公里 (位於花蓮縣壽豐鄉)(花蓮縣壽豐鄉)
小區域有感地震,2024-04-05 23:06:19,121.74,24.2192,3.3,12.8,2,花蓮縣政府北北東方  28.1  公里 (位於花蓮縣近海)(花蓮縣近海)
小區域有感地震,2024-04-05 23:02:47,121.752,24.2313,3.4,16.9,3,花蓮縣政府北北東方  29.8  公里 (位於花蓮縣近海)(花蓮縣近海)
147   ,2024-04-05 23:00:36,121.789,24.166,4.8,5.6,3,花蓮縣政府東北方  25.9  公里 (位於臺灣東部海域)(臺灣東部海域)
小區域有感地震,2024-04-05 23:00:08,121.758,24.2338,3.9,17.0,3,花蓮縣政府北北東方  30.3  公里 (位於花蓮縣近海)(花蓮縣近海)
小區域有感地震,2024-04-05 22:46:00,121.749,24.2363,3.7,16.1,3,花蓮縣政府北北東方  30.2  公里 (位於花蓮縣近海)(花蓮縣近海)
小區域有感地震,2024-04-05 22:35:49,121.741,24.2223,3.6,12.5,2,花蓮縣政府北北東方  28.4  公里 (位於花蓮縣近海)(花蓮縣近海)
小區域有感地震,2024-04-05 22:11:35,121.651,24.1073,3.8,15.8,2,花蓮縣政府北北東方  13.3  公里 (位於花蓮縣近海)(花蓮縣近海)
小區域有感地震,2024-04-05 22:11:16,121.79,24.2512,3.4,16.1,1,花蓮縣政府北北東方  33.6  公里 (位於花蓮縣近海)(花蓮縣近海)
小區域有感地震,2024-04-05 21:44:25,121.574,23.9682,3.6,12.9,3,花蓮縣政府西南西方  5.3  公里 (位於花蓮縣吉安鄉)(花蓮縣吉安鄉)
小區域有感地震,2024-04-05 21:39:19,121.852,24.2785,3.2,11.8,2,花蓮縣政府東北方  39.6  公里 (位於臺灣東部海域)(臺灣東部海域)
146   ,2024-04-05 21:34:31,121.71,24.1277,4.0,16.6,3,花蓮縣政府北北東方  17.7  公里 (位於花蓮縣近海)(花蓮縣近海)
小區域有感地震,2024-04-05 21:26:42,121.692,24.153,3.9,7.9,4,花蓮縣政府北北東方  19.4  公里 (位於花蓮縣近海)(花蓮縣近海)
小區域有感地震,2024-04-05 21:24:13,121.743,24.1868,3.7,15.5,2,花蓮縣政府北北東方  25.0  公里 (位於花蓮縣近海)(花蓮縣近海)
小區域有感地震,2024-04-05 21:04:14,121.763,24.241,3.3,17.5,1,花蓮縣政府北北東方  31.3  公里 (位於花蓮縣近海)(花蓮縣近海)
小區域有感地震,2024-04-05 21:01:58,121.765,24.2395,3.8,17.4,2,花蓮縣政府北北東方  31.2  公里 (位於花蓮縣近海)(花蓮縣近海)
145   ,2024-04-05 20:59:12,121.768,24.2335,4.5,18.2,3,花蓮縣政府北北東方  30.8  公里 (位於花蓮縣近海)(花蓮縣近海)
小區域有感地震,2024-04-05 20:48:16,121.789,24.2362,3.8,15.8,2,花蓮縣政府東北方  32.1  公里 (位於花蓮縣近海)(花蓮縣近海)
小區域有感地震,2024-04-05 20:16:32,121.619,23.8162,3.9,32.8,1,花蓮縣政府南方  19.4  公里 (位於花蓮縣近海)(花蓮縣近海)
小區域有感地震,2024-04-05 20:14:59,121.7,24.1205,3.6,16.4,2,花蓮縣政府北北東方  16.5  公里 (位於花蓮縣近海)(花蓮縣近海)
小區域有感地震,2024-04-05 20:14:41,121.79,24.1955,3.4,7.5,1,花蓮縣政府東北方  28.5  公里 (位於臺灣東部海域)(臺灣東部海域)
小區域有感地震,2024-04-05 19:51:51,121.721,24.1203,3.7,15.1,3,花蓮縣政府東北方  17.6  公里 (位於花蓮縣近海)(花蓮縣近海)
小區域有感地震,2024-04-05 19:51:45,121.621,24.0945,3.5,6.2,3,花蓮縣政府北方  11.5  公里 (位於花蓮縣近海)(花蓮縣近海)
小區域有感地震,2024-04-05 19:44:21,121.694,24.1283,3.7,17.2,2,花蓮縣政府北北東方  17.0  公里 (位於花蓮縣近海)(花蓮縣近海)
小區域有感地震,2024-04-05 19:43:59,121.68,24.1755,3.7,16.1,3,花蓮縣政府北北東方  21.3  公里 (位於花蓮縣近海)(花蓮縣近海)
小區域有感地震,2024-04-05 19:21:48,121.694,24.1273,4.1,16.7,3,花蓮縣政府北北東方  16.9  公里 (位於花蓮縣近海)(花蓮縣近海)
小區域有感地震,2024-04-05 18:47:56,121.611,24.094,3.3,6.4,3,花蓮縣政府北方  11.4  公里 (位於花蓮縣新城鄉)(花蓮縣新城鄉)
小區域有感地震,2024-04-05 18:42:37,121.749,24.2137,3.6,13.6,2,花蓮縣政府北北東方  27.9  公里 (位於花蓮縣近海)(花蓮縣近海)
小區域有感地震,2024-04-05 18:25:46,121.903,24.2085,4.1,8.8,1,花蓮縣政府東北方  37.5  公里 (位於臺灣東部海域)(臺灣東部海域)
144   ,2024-04-05 18:08:50,121.701,24.1168,4.3,17.7,3,花蓮縣政府北北東方  16.2  公里 (位於花蓮縣近海)(花蓮縣近海)
143   ,2024-04-05 17:53:36,121.748,24.2213,4.4,14.3,3,花蓮縣政府北北東方  28.6  公里 (位於花蓮縣近海)(花蓮縣近海)
小區域有感地震,2024-04-05 17:39:55,121.736,24.3102,3.1,14.2,2,花蓮縣政府北北東方  37.2  公里 (位於花蓮縣秀林鄉)(花蓮縣秀林鄉)
小區域有感地震,2024-04-05 17:16:52,121.812,24.077,4.2,26.0,3,花蓮縣政府東北東方  21.7  公里 (位於臺灣東部海域)(臺灣東部海域)
小區域有感地震,2024-04-05 17:15:16,121.557,23.8073,3.4,7.9,2,花蓮縣政府南南西方  21.3  公里 (位於花蓮縣壽豐鄉)(花蓮縣壽豐鄉)
142   ,2024-04-05 17:04:57,121.655,24.0325,4.9,29.8,4,花蓮縣政府東北方  5.8  公里 (位於花蓮縣近海)(花蓮縣近海)
小區域有感地震,2024-04-05 15:58:46,121.656,24.0348,3.9,28.9,2,花蓮縣政府東北方  6.1  公里 (位於花蓮縣近海)(花蓮縣近海)
小區域有感地震,2024-04-05 15:49:19,121.756,24.2572,3.5,12.8,1,花蓮縣政府北北東方  32.5  公里 (位於花蓮縣近海)(花蓮縣近海)
小區域有感地震,2024-04-05 15:30:03,121.616,24.081,4.1,7.3,3,花蓮縣政府北方  10.0  公里 (位於花蓮縣近海)(花蓮縣近海)
小區域有感地震,2024-04-05 15:07:54,121.678,24.1132,3.7,15.4,2,花蓮縣政府北北東方  14.8  公里 (位於花蓮縣近海)(花蓮縣近海)
小區域有感地震,2024-04-05 14:50:03,121.747,24.2298,3.8,13.5,2,花蓮縣政府北北東方  29.4  公里 (位於花蓮縣近海)(花蓮縣近海)
小區域有感地震,2024-04-05 14:32:58,121.678,24.1147,3.5,14.6,2,花蓮縣政府北北東方  14.9  公里 (位於花蓮縣近海)(花蓮縣近海)
141   ,2024-04-05 14:16:07,121.695,24.1373,4.5,17.9,3,花蓮縣政府北北東方  17.9  公里 (位於花蓮縣近海)(花蓮縣近海)
140   ,2024-04-05 14:12:48,121.537,23.8338,5.1,7.0,4,花蓮縣政府南南西方  19.3  公里 (位於花蓮縣壽豐鄉)(花蓮縣壽豐鄉)
小區域有感地震,2024-04-05 13:53:24,121.691,24.1018,3.5,17.7,2,花蓮縣政府北北東方  14.2  公里 (位於花蓮縣近海)(花蓮縣近海)
小區域有感地震,2024-04-05 13:50:20,121.868,24.2017,3.9,24.8,2,花蓮縣政府東北方  34.4  公里 (位於臺灣東部海域)(臺灣東部海域)
小區域有感地震,2024-04-05 13:40:00,121.772,24.194,3.3,19.2,2,花蓮縣政府東北方  27.3  公里 (位於臺灣東部海域)(臺灣東部海域)
小區域有感地震,2024-04-05 13:27:30,121.694,24.123,3.6,17.5,2,花蓮縣政府北北東方  16.4  公里 (位於花蓮縣近海)(花蓮縣近海)
小區域有感地震,2024-04-05 13:18:58,121.513,23.7415,3.8,17.7,1,花蓮縣政府南南西方  29.7  公里 (位於花蓮縣壽豐鄉)(花蓮縣壽豐鄉)
小區域有感地震,2024-04-05 13:03:55,121.703,24.1203,4.2,16.5,3,花蓮縣政府北北東方  16.6  公里 (位於花蓮縣近海)(花蓮縣近海)
139   ,2024-04-05 13:02:46,121.705,24.1182,4.2,17.3,4,花蓮縣政府東北方  16.5  公里 (位於花蓮縣近海)(花蓮縣近海)
小區域有感地震,2024-04-05 12:57:45,121.678,24.1047,3.5,16.1,2,花蓮縣政府北北東方  13.9  公里 (位於花蓮縣近海)(花蓮縣近海)
小區域有感地震,2024-04-05 12:51:39,121.685,24.1137,4.1,16.8,3,花蓮縣政府北北東方  15.1  公里 (位於花蓮縣近海)(花蓮縣近海)
138   ,2024-04-05 12:50:51,121.697,24.118,5.5,18.0,4,花蓮縣政府北北東方  16.1  公里 (位於花蓮縣近海)(花蓮縣近海)
小區域有感地震,2024-04-05 12:43:20,121.76,24.199,3.7,19.9,2,花蓮縣政府東北方  27.1  公里 (位於臺灣東部海域)(臺灣東部海域)
137   ,2024-04-05 12:40:55,121.764,24.1998,4.8,19.5,4,花蓮縣政府東北方  27.4  公里 (位於臺灣東部海域)(臺灣東部海域)
136   ,2024-04-05 12:36:42,121.756,24.2208,4.0,13.8,3,花蓮縣政府北北東方  29.0  公里 (位於花蓮縣近海)(花蓮縣近海)
小區域有感地震,2024-04-05 12:35:18,121.513,23.8973,3.3,10.6,3,花蓮縣政府西南方  15.0  公里 (位於花蓮縣壽豐鄉)(花蓮縣壽豐鄉)
小區域有感地震,2024-04-05 12:08:16,121.75,24.2332,3.4,15.5,2,花蓮縣政府北北東方  29.9  公里 (位於花蓮縣近海)(花蓮縣近海)
小區域有感地震,2024-04-05 12:04:31,121.728,24.1328,3.7,18.0,3,花蓮縣政府東北方  19.2  公里 (位於花蓮縣近海)(花蓮縣近海)
小區域有感地震,2024-04-05 11:47:18,121.541,23.7777,4.1,18.9,2,花蓮縣政府南南西方  24.9  公里 (位於花蓮縣壽豐鄉)(花蓮縣壽豐鄉)
小區域有感地震,2024-04-05 11:41:14,121.672,24.0472,4.1,39.5,2,花蓮縣政府東北方  8.2  公里 (位於花蓮縣近海)(花蓮縣近海)
小區域有感地震,2024-04-05 11:39:10,121.749,24.2242,3.8,14.1,2,花蓮縣政府北北東方  29.0  公里 (位於花蓮縣近海)(花蓮縣近海)
135   ,2024-04-05 10:10:34,121.579,23.9277,4.3,11.8,4,花蓮縣政府南南西方  8.2  公里 (位於花蓮縣吉安鄉)(花蓮縣吉安鄉)
小區域有感地震,2024-04-05 10:08:52,121.698,24.1308,3.8,15.1,3,花蓮縣政府北北東方  17.4  公里 (位於花蓮縣近海)(花蓮縣近海)
小區域有感地震,2024-04-05 10:01:09,121.724,24.286,3.3,15.1,2,花蓮縣政府北北東方  34.3  公里 (位於花蓮縣秀林鄉)(花蓮縣秀林鄉)
小區域有感地震,2024-04-05 09:53:33,121.78,24.075,4.1,26.1,2,花蓮縣政府東北東方  18.7  公里 (位於臺灣東部海域)(臺灣東部海域)
小區域有感地震,2024-04-05 09:29:51,121.676,24.1625,4.1,16.6,3,花蓮縣政府北北東方  19.8  公里 (位於花蓮縣近海)(花蓮縣近海)
小區域有感地震,2024-04-05 09:24:52,121.672,24.1673,3.9,27.0,2,花蓮縣政府北北東方  20.2  公里 (位於花蓮縣近海)(花蓮縣近海)
小區域有感地震,2024-04-05 09:20:31,121.756,24.2553,3.8,14.1,2,花蓮縣政府北北東方  32.4  公里 (位於花蓮縣近海)(花蓮縣近海)
134   ,2024-04-05 09:17:49,121.759,24.2525,4.1,14.2,3,花蓮縣政府北北東方  32.2  公里 (位於花蓮縣近海)(花蓮縣近海)
小區域有感地震,2024-04-05 09:10:03,121.641,24.0512,3.7,25.2,2,花蓮縣政府北北東方  7.0  公里 (位於花蓮縣近海)(花蓮縣近海)
小區域有感地震,2024-04-05 09:02:02,121.841,24.3138,3.9,13.4,3,花蓮縣政府東北方  42.2  公里 (位於花蓮縣近海)(花蓮縣近海)
小區域有感地震,2024-04-05 08:42:05,121.67,24.1548,4.1,27.7,2,花蓮縣政府北北東方  18.8  公里 (位於花蓮縣近海)(花蓮縣近海)
小區域有感地震,2024-04-05 08:35:31,121.744,24.2288,3.6,14.7,2,花蓮縣政府北北東方  29.2  公里 (位於花蓮縣近海)(花蓮縣近海)
小區域有感地震,2024-04-05 08:29:42,121.667,23.9815,4.0,37.5,2,花蓮縣政府東南東方  4.9  公里 (位於花蓮縣近海)(花蓮縣近海)
小區域有感地震,2024-04-05 08:17:48,121.738,24.2298,3.7,11.8,2,花蓮縣政府北北東方  29.0  公里 (位於花蓮縣近海)(花蓮縣近海)
小區域有感地震,2024-04-05 07:57:05,121.741,24.2447,3.3,12.2,1,花蓮縣政府北北東方  30.7  公里 (位於花蓮縣近海)(花蓮縣近海)
小區域有感地震,2024-04-05 07:34:07,121.553,23.7153,3.8,6.9,3,花蓮縣政府南南西方  31.3  公里 (位於花蓮縣近海)(花蓮縣近海)
小區域有感地震,2024-04-05 06:23:18,121.732,24.2328,3.7,11.8,3,花蓮縣政府北北東方  29.1  公里 (位於花蓮縣近海)(花蓮縣近海)
小區域有感地震,2024-04-05 06:14:45,121.747,24.2252,3.5,14.0,2,花蓮縣政府北北東方  29.0  公里 (位於花蓮縣近海)(花蓮縣近海)
小區域有感地震,2024-04-05 06:08:04,121.626,23.8695,4.0,39.0,1,花蓮縣政府南方  13.5  公里 (位於花蓮縣近海)(花蓮縣近海)
小區域有感地震,2024-04-05 05:54:52,121.671,24.162,3.8,32.7,2,花蓮縣政府北北東方  19.6  公里 (位於花蓮縣近海)(花蓮縣近海)
小區域有感地震,2024-04-05 05:54:20,121.746,24.2205,4.0,13.5,2,花蓮縣政府北北東方  28.5  公里 (位於花蓮縣近海)(花蓮縣近海)
小區域有感地震,2024-04-05 05:28:16,121.726,24.2237,3.5,17.4,2,花蓮縣政府北北東方  27.9  公里 (位於花蓮縣近海)(花蓮縣近海)
小區域有感地震,2024-04-05 05:20:27,121.748,24.2203,4.0,14.0,3,花蓮縣政府北北東方  28.5  公里 (位於花蓮縣近海)(花蓮縣近海)
小區域有感地震,2024-04-05 05:14:49,121.692,24.2413,3.0,11.7,2,花蓮縣政府北北東方  28.7  公里 (位於花蓮縣秀林鄉)(花蓮縣秀林鄉)
133   ,2024-04-05 05:10:08,121.745,24.2358,4.3,12.8,3,花蓮縣政府北北東方  29.9  公里 (位於花蓮縣近海)(花蓮縣近海)
小區域有感地震,2024-04-05 05:02:50,121.73,24.2425,3.4,11.0,2,花蓮縣政府北北東方  30.0  公里 (位於花蓮縣近海)(花蓮縣近海)
小區域有感地震,2024-04-05 04:30:26,121.677,24.1437,3.5,17.8,1,花蓮縣政府北北東方  17.9  公里 (位於花蓮縣近海)(花蓮縣近海)
132   ,2024-04-05 04:28:44,121.742,24.235,4.4,11.8,3,花蓮縣政府北北東方  29.7  公里 (位於花蓮縣近海)(花蓮縣近海)
小區域有感地震,2024-04-05 04:21:18,121.734,24.2377,3.5,12.6,3,花蓮縣政府北北東方  29.7  公里 (位於花蓮縣近海)(花蓮縣近海)
小區域有感地震,2024-04-05 04:11:59,121.736,24.2345,3.8,13.2,3,花蓮縣政府北北東方  29.4  公里 (位於花蓮縣近海)(花蓮縣近海)
小區域有感地震,2024-04-05 03:55:32,121.854,23.8282,4.6,15.8,2,花蓮縣政府東南方  29.9  公里 (位於臺灣東部海域)(臺灣東部海域)
131   ,2024-04-05 03:48:08,121.752,24.2313,4.3,14.7,3,花蓮縣政府北北東方  29.8  公里 (位於花蓮縣近海)(花蓮縣近海)
小區域有感地震,2024-04-05 03:40:41,121.619,23.9638,3.6,27.2,1,花蓮縣政府南方  3.0  公里 (位於花蓮縣近海)(花蓮縣近海)
小區域有感地震,2024-04-05 03:16:00,121.528,23.914,3.9,9.1,4,花蓮縣政府西南方  12.6  公里 (位於花蓮縣壽豐鄉)(花蓮縣壽豐鄉)
小區域有感地震,2024-04-05 03:03:50,121.719,24.0633,3.7,20.8,1,花蓮縣政府東北方  12.8  公里 (位於臺灣東部海域)(臺灣東部海域)
小區域有感地震,2024-04-05 03:03:44,121.686,24.2478,2.9,14.1,1,花蓮縣政府北北東方  29.2  公里 (位於花蓮縣秀林鄉)(花蓮縣秀林鄉)
130   ,2024-04-05 02:42:36,121.905,24.2738,4.7,15.0,3,花蓮縣政府東北方  42.6  公里 (位於臺灣東部海域)(臺灣東部海域)
小區域有感地震,2024-04-05 02:36:59,121.798,24.2978,3.8,12.8,4,花蓮縣政府北北東方  38.5  公里 (位於花蓮縣近海)(花蓮縣近海)
129   ,2024-04-05 02:35:02,121.656,24.1718,5.5,30.9,4,花蓮縣政府北北東方  20.4  公里 (位於花蓮縣近海)(花蓮縣近海)
小區域有感地震,2024-04-05 02:34:27,121.743,24.2382,3.3,11.8,2,花蓮縣政府北北東方  30.1  公里 (位於花蓮縣近海)(花蓮縣近海)
小區域有感地震,2024-04-05 02:33:11,121.747,24.2407,3.5,11.9,2,花蓮縣政府北北東方  30.5  公里 (位於花蓮縣近海)(花蓮縣近海)
小區域有感地震,2024-04-05 02:19:28,121.75,24.2318,3.6,13.2,2,花蓮縣政府北北東方  29.8  公里 (位於花蓮縣近海)(花蓮縣近海)
小區域有感地震,2024-04-05 02:18:36,121.766,24.225,3.4,14.8,2,花蓮縣政府北北東方  29.8  公里 (位於花蓮縣近海)(花蓮縣近海)
小區域有感地震,2024-04-05 02:07:23,121.751,24.2427,3.5,14.7,2,花蓮縣政府北北東方  30.9  公里 (位於花蓮縣近海)(花蓮縣近海)
小區域有感地震,2024-04-05 01:56:33,121.751,24.2413,3.5,13.6,2,花蓮縣政府北北東方  30.8  公里 (位於花蓮縣近海)(花蓮縣近海)
小區域有感地震,2024-04-05 01:55:19,121.698,24.1347,3.6,17.9,2,花蓮縣政府北北東方  17.8  公里 (位於花蓮縣近海)(花蓮縣近海)
小區域有感地震,2024-04-05 01:51:49,121.8,24.2947,3.4,15.0,2,花蓮縣政府北北東方  38.3  公里 (位於花蓮縣近海)(花蓮縣近海)
小區域有感地震,2024-04-05 01:37:10,121.749,24.2312,4.2,16.0,3,花蓮縣政府北北東方  29.7  公里 (位於花蓮縣近海)(花蓮縣近海)
小區域有感地震,2024-04-05 01:30:17,121.751,24.2438,3.8,14.8,2,花蓮縣政府北北東方  31.0  公里 (位於花蓮縣近海)(花蓮縣近海)
小區域有感地震,2024-04-05 01:29:09,121.745,24.2277,3.3,11.4,2,花蓮縣政府北北東方  29.1  公里 (位於花蓮縣近海)(花蓮縣近海)
小區域有感地震,2024-04-05 01:27:03,121.757,24.2325,4.0,14.7,3,花蓮縣政府北北東方  30.2  公里 (位於花蓮縣近海)(花蓮縣近海)
128   ,2024-04-05 01:24:51,121.753,24.2378,4.9,15.5,4,花蓮縣政府北北東方  30.5  公里 (位於花蓮縣近海)(花蓮縣近海)
127   ,2024-04-05 01:22:41,121.755,24.2397,4.1,13.8,3,花蓮縣政府北北東方  30.8  公里 (位於花蓮縣近海)(花蓮縣近海)
小區域有感地震,2024-04-05 01:16:31,121.792,24.2238,3.6,10.8,2,花蓮縣政府東北方  31.1  公里 (位於臺灣東部海域)(臺灣東部海域)
小區域有感地震,2024-04-05 01:00:41,121.745,24.1248,3.7,30.1,2,花蓮縣政府東北方  19.5  公里 (位於臺灣東部海域)(臺灣東部海域)
小區域有感地震,2024-04-05 00:56:44,121.737,24.2483,3.4,13.5,2,花蓮縣政府北北東方  30.9  公里 (位於花蓮縣近海)(花蓮縣近海)
小區域有感地震,2024-04-05 00:47:57,121.755,24.2412,3.7,14.8,2,花蓮縣政府北北東方  30.9  公里 (位於花蓮縣近海)(花蓮縣近海)
小區域有感地震,2024-04-05 00:32:13,121.771,24.282,4.0,11.3,4,花蓮縣政府北北東方  35.7  公里 (位於花蓮縣近海)(花蓮縣近海)
小區域有感地震,2024-04-05 00:25:22,121.749,24.2387,3.6,14.7,2,花蓮縣政府北北東方  30.4  公里 (位於花蓮縣近海)(花蓮縣近海)
小區域有感地震,2024-04-05 00:21:24,121.748,24.2375,3.6,15.1,3,花蓮縣政府北北東方  30.2  公里 (位於花蓮縣近海)(花蓮縣近海)
小區域有感地震,2024-04-05 00:13:33,121.76,24.2455,3.2,15.1,1,花蓮縣政府北北東方  31.6  公里 (位於花蓮縣近海)(花蓮縣近海)
小區域有感地震,2024-04-04 23:56:37,121.762,24.2043,3.8,6.0,3,花蓮縣政府北北東方  27.7  公里 (位於臺灣東部海域)(臺灣東部海域)
小區域有感地震,2024-04-04 23:39:15,121.508,23.9037,3.6,10.7,3,花蓮縣政府西南方  14.9  公里 (位於花蓮縣壽豐鄉)(花蓮縣壽豐鄉)
小區域有感地震,2024-04-04 23:19:11,121.756,24.2408,3.8,16.4,3,花蓮縣政府北北東方  30.9  公里 (位於花蓮縣近海)(花蓮縣近海)
小區域有感地震,2024-04-04 23:15:04,121.76,24.2488,3.5,14.9,2,花蓮縣政府北北東方  31.9  公里 (位於花蓮縣近海)(花蓮縣近海)
小區域有感地震,2024-04-04 23:02:19,121.746,24.248,3.8,12.9,3,花蓮縣政府北北東方  31.2  公里 (位於花蓮縣近海)(花蓮縣近海)
小區域有感地震,2024-04-04 23:00:29,121.737,24.2538,3.5,12.0,2,花蓮縣政府北北東方  31.5  公里 (位於花蓮縣近海)(花蓮縣近海)
小區域有感地震,2024-04-04 22:59:32,121.751,24.2543,4.0,14.6,3,花蓮縣政府北北東方  32.1  公里 (位於花蓮縣近海)(花蓮縣近海)
小區域有感地震,2024-04-04 22:56:51,121.757,24.2448,4.0,15.6,2,花蓮縣政府北北東方  31.4  公里 (位於花蓮縣近海)(花蓮縣近海)
小區域有感地震,2024-04-04 22:54:35,121.77,24.2462,3.5,15.8,1,花蓮縣政府北北東方  32.1  公里 (位於花蓮縣近海)(花蓮縣近海)
126   ,2024-04-04 22:53:35,121.757,24.25,4.2,12.8,3,花蓮縣政府北北東方  31.9  公里 (位於花蓮縣近海)(花蓮縣近海)
小區域有感地震,2024-04-04 22:50:17,121.754,24.2472,3.4,15.0,1,花蓮縣政府北北東方  31.5  公里 (位於花蓮縣近海)(花蓮縣近海)
小區域有感地震,2024-04-04 22:49:21,121.748,24.2407,3.1,12.8,1,花蓮縣政府北北東方  30.6  公里 (位於花蓮縣近海)(花蓮縣近海)
小區域有感地震,2024-04-04 22:49:03,121.756,24.2368,3.2,15.6,2,花蓮縣政府北北東方  30.5  公里 (位於花蓮縣近海)(花蓮縣近海)
小區域有感地震,2024-04-04 22:47:49,121.75,24.2367,3.7,13.5,2,花蓮縣政府北北東方  30.2  公里 (位於花蓮縣近海)(花蓮縣近海)
小區域有感地震,2024-04-04 22:44:05,121.754,24.2327,3.7,13.6,2,花蓮縣政府北北東方  30.0  公里 (位於花蓮縣近海)(花蓮縣近海)
小區域有感地震,2024-04-04 22:40:03,121.748,24.2447,3.3,13.8,2,花蓮縣政府北北東方  31.0  公里 (位於花蓮縣近海)(花蓮縣近海)
小區域有感地震,2024-04-04 22:39:40,121.733,24.2463,3.2,13.1,2,花蓮縣政府北北東方  30.5  公里 (位於花蓮縣近海)(花蓮縣近海)
小區域有感地震,2024-04-04 22:38:30,121.753,24.24,3.5,14.9,3,花蓮縣政府北北東方  30.7  公里 (位於花蓮縣近海)(花蓮縣近海)
小區域有感地震,2024-04-04 22:36:54,121.743,24.2445,3.6,13.2,2,花蓮縣政府北北東方  30.7  公里 (位於花蓮縣近海)(花蓮縣近海)
小區域有感地震,2024-04-04 22:34:23,121.751,24.2277,3.3,14.3,2,花蓮縣政府北北東方  29.4  公里 (位於花蓮縣近海)(花蓮縣近海)
小區域有感地震,2024-04-04 22:31:53,121.762,24.2507,3.4,15.3,1,花蓮縣政府北北東方  32.2  公里 (位於花蓮縣近海)(花蓮縣近海)
小區域有感地震,2024-04-04 22:31:28,121.752,24.236,4.0,13.5,2,花蓮縣政府北北東方  30.3  公里 (位於花蓮縣近海)(花蓮縣近海)
125   ,2024-04-04 22:30:06,121.778,24.2472,5.2,15.0,4,花蓮縣政府北北東方  32.6  公里 (位於花蓮縣近海)(花蓮縣近海)
小區域有感地震,2024-04-04 22:27:18,121.667,24.072,3.8,29.7,2,花蓮縣政府北北東方  10.2  公里 (位於花蓮縣近海)(花蓮縣近海)
小區域有感地震,2024-04-04 22:09:05,121.62,23.931,4.1,28.2,2,花蓮縣政府南方  6.6  公里 (位於花蓮縣近海)(花蓮縣近海)
小區域有感地震,2024-04-04 22:05:16,121.661,24.0583,4.1,27.4,3,花蓮縣政府北北東方  8.6  公里 (位於花蓮縣近海)(花蓮縣近海)
小區域有感地震,2024-04-04 21:53:08,121.743,24.2998,3.2,14.3,3,花蓮縣政府北北東方  36.4  公里 (位於花蓮縣秀林鄉)(花蓮縣秀林鄉)
小區域有感地震,2024-04-04 21:43:01,121.838,24.1842,3.8,23.5,2,花蓮縣政府東北方  30.8  公里 (位於臺灣東部海域)(臺灣東部海域)
小區域有感地震,2024-04-04 21:35:24,121.698,24.1765,3.7,15.2,3,花蓮縣政府北北東方  22.0  公里 (位於花蓮縣近海)(花蓮縣近海)
小區域有感地震,2024-04-04 21:34:50,121.848,24.1727,4.0,21.9,2,花蓮縣政府東北方  30.7  公里 (位於臺灣東部海域)(臺灣東部海域)
小區域有感地震,2024-04-04 21:24:22,121.661,24.1122,3.8,8.9,3,花蓮縣政府北北東方  14.0  公里 (位於花蓮縣近海)(花蓮縣近海)
小區域有感地震,2024-04-04 21:19:18,121.581,23.7708,3.8,7.4,3,花蓮縣政府南方  24.7  公里 (位於花蓮縣近海)(花蓮縣近海)
小區域有感地震,2024-04-04 21:17:13,121.691,24.2282,3.2,11.8,2,花蓮縣政府北北東方  27.3  公里 (位於花蓮縣秀林鄉)(花蓮縣秀林鄉)
小區域有感地震,2024-04-04 21:13:31,121.572,23.771,3.5,7.4,2,花蓮縣政府南南西方  24.8  公里 (位於花蓮縣近海)(花蓮縣近海)
小區域有感地震,2024-04-04 21:04:43,121.525,23.8822,3.5,9.6,2,花蓮縣政府西南方  15.4  公里 (位於花蓮縣壽豐鄉)(花蓮縣壽豐鄉)
小區域有感地震,2024-04-04 20:40:22,121.672,24.1123,3.8,7.0,4,花蓮縣政府北北東方  14.4  公里 (位於花蓮縣近海)(花蓮縣近海)
小區域有感地震,2024-04-04 20:35:59,121.744,24.2413,3.6,11.7,2,花蓮縣政府北北東方  30.4  公里 (位於花蓮縣近海)(花蓮縣近海)
小區域有感地震,2024-04-04 20:15:54,121.708,24.143,3.6,9.6,3,花蓮縣政府北北東方  19.0  公里 (位於花蓮縣近海)(花蓮縣近海)
小區域有感地震,2024-04-04 19:21:48,121.719,24.1185,4.1,6.5,3,花蓮縣政府東北方  17.3  公里 (位於花蓮縣近海)(花蓮縣近海)
小區域有感地震,2024-04-04 19:10:18,121.709,24.1345,4.3,37.0,2,花蓮縣政府北北東方  18.3  公里 (位於花蓮縣近海)(花蓮縣近海)
小區域有感地震,2024-04-04 18:59:34,121.672,24.0027,4.1,37.6,1,花蓮縣政府東北東方  5.4  公里 (位於花蓮縣近海)(花蓮縣近海)
小區域有感地震,2024-04-04 18:42:39,121.656,24.053,3.8,26.9,2,花蓮縣政府北北東方  7.8  公里 (位於花蓮縣近海)(花蓮縣近海)
小區域有感地震,2024-04-04 18:10:32,121.852,24.1992,4.1,20.2,3,花蓮縣政府東北方  33.0  公里 (位於臺灣東部海域)(臺灣東部海域)
小區域有感地震,2024-04-04 18:04:28,121.679,24.1143,3.1,6.9,2,花蓮縣政府北北東方  14.9  公里 (位於花蓮縣近海)(花蓮縣近海)
小區域有感地震,2024-04-04 18:01:50,121.706,24.1658,3.4,21.1,1,花蓮縣政府北北東方  21.2  公里 (位於花蓮縣近海)(花蓮縣近海)
小區域有感地震,2024-04-04 17:54:26,121.692,24.0518,4.0,20.9,4,花蓮縣政府東北方  9.9  公里 (位於花蓮縣近海)(花蓮縣近海)
小區域有感地震,2024-04-04 17:46:07,121.775,24.2902,3.4,13.2,2,花蓮縣政府北北東方  36.7  公里 (位於花蓮縣近海)(花蓮縣近海)
小區域有感地震,2024-04-04 17:36:14,121.623,23.9228,3.6,25.7,2,花蓮縣政府南方  7.6  公里 (位於花蓮縣近海)(花蓮縣近海)
小區域有感地震,2024-04-04 17:09:51,121.682,23.9178,3.8,25.9,2,花蓮縣政府東南方  10.3  公里 (位於花蓮縣近海)(花蓮縣近海)
小區域有感地震,2024-04-04 16:41:28,121.576,23.8218,4.1,28.8,2,花蓮縣政府南南西方  19.3  公里 (位於花蓮縣近海)(花蓮縣近海)
小區域有感地震,2024-04-04 16:06:07,121.689,24.1337,3.5,14.3,3,花蓮縣政府北北東方  17.3  公里 (位於花蓮縣近海)(花蓮縣近海)
小區域有感地震,2024-04-04 15:59:56,121.759,24.2347,3.4,15.9,2,花蓮縣政府北北東方  30.5  公里 (位於花蓮縣近海)(花蓮縣近海)
小區域有感地震,2024-04-04 15:52:19,121.673,24.0563,4.3,27.9,3,花蓮縣政府東北方  9.0  公里 (位於花蓮縣近海)(花蓮縣近海)
小區域有感地震,2024-04-04 15:50:59,121.825,24.1715,3.5,22.8,1,花蓮縣政府東北方  28.9  公里 (位於臺灣東部海域)(臺灣東部海域)
小區域有感地震,2024-04-04 15:43:30,121.576,24.0102,3.7,23.0,2,花蓮縣政府西北西方  4.9  公里 (位於花蓮縣花蓮市)(花蓮縣花蓮市)
小區域有感地震,2024-04-04 15:32:21,121.71,24.234,3.3,15.9,2,花蓮縣政府北北東方  28.4  公里 (位於花蓮縣近海)(花蓮縣近海)
小區域有感地震,2024-04-04 15:27:16,121.766,24.2297,4.0,16.8,3,花蓮縣政府北北東方  30.3  公里 (位於花蓮縣近海)(花蓮縣近海)
小區域有感地震,2024-04-04 15:17:17,121.615,23.8217,4.6,38.2,2,花蓮縣政府南方  18.8  公里 (位於花蓮縣近海)(花蓮縣近海)
小區域有感地震,2024-04-04 15:17:08,121.76,24.2287,3.4,15.4,2,花蓮縣政府北北東方  29.9  公里 (位於花蓮縣近海)(花蓮縣近海)
小區域有感地震,2024-04-04 15:14:25,121.671,24.1895,3.4,13.5,2,花蓮縣政府北北東方  22.6  公里 (位於花蓮縣近海)(花蓮縣近海)
小區域有感地震,2024-04-04 15:06:33,121.648,24.0692,3.5,27.1,2,花蓮縣政府北北東方  9.1  公里 (位於花蓮縣近海)(花蓮縣近海)
小區域有感地震,2024-04-04 14:57:07,121.664,23.9698,4.0,40.7,1,花蓮縣政府東南東方  5.0  公里 (位於花蓮縣近海)(花蓮縣近海)
小區域有感地震,2024-04-04 14:56:03,121.763,24.2315,3.6,15.9,2,花蓮縣政府北北東方  30.4  公里 (位於花蓮縣近海)(花蓮縣近海)
小區域有感地震,2024-04-04 14:52:45,121.671,24.1973,3.7,29.8,1,花蓮縣政府北北東方  23.4  公里 (位於花蓮縣近海)(花蓮縣近海)
小區域有感地震,2024-04-04 14:51:02,121.82,24.1602,3.0,23.7,2,花蓮縣政府東北方  27.6  公里 (位於臺灣東部海域)(臺灣東部海域)
小區域有感地震,2024-04-04 14:44:54,121.841,24.1542,4.4,22.1,3,花蓮縣政府東北方  28.8  公里 (位於臺灣東部海域)(臺灣東部海域)
小區域有感地震,2024-04-04 14:44:23,121.705,24.1638,3.3,14.5,3,花蓮縣政府北北東方  21.0  公里 (位於花蓮縣近海)(花蓮縣近海)
小區域有感地震,2024-04-04 14:34:45,121.761,24.2313,3.9,15.3,3,花蓮縣政府北北東方  30.2  公里 (位於花蓮縣近海)(花蓮縣近海)
小區域有感地震,2024-04-04 14:33:55,121.765,24.2278,3.7,16.5,2,花蓮縣政府北北東方  30.1  公里 (位於花蓮縣近海)(花蓮縣近海)
小區域有感地震,2024-04-04 14:18:23,121.646,24.038,4.3,30.0,2,花蓮縣政府北北東方  5.9  公里 (位於花蓮縣近海)(花蓮縣近海)
小區域有感地震,2024-04-04 14:11:37,121.71,24.0645,3.8,28.4,2,花蓮縣政府東北方  12.2  公里 (位於花蓮縣近海)(花蓮縣近海)
小區域有感地震,2024-04-04 14:00:52,121.625,24.1235,3.3,10.8,3,花蓮縣政府北方  14.7  公里 (位於花蓮縣秀林鄉)(花蓮縣秀林鄉)
小區域有感地震,2024-04-04 13:53:47,120.21,23.3632,3.4,8.7,4,嘉義縣政府西南方  13.6  公里 (位於嘉義縣義竹鄉)(嘉義縣義竹鄉)
小區域有感地震,2024-04-04 13:52:19,121.742,24.2367,3.8,13.0,2,花蓮縣政府北北東方  29.9  公里 (位於花蓮縣近海)(花蓮縣近海)
小區域有感地震,2024-04-04 13:21:06,121.697,24.1338,3.6,7.0,2,花蓮縣政府北北東方  17.7  公里 (位於花蓮縣近海)(花蓮縣近海)
124   ,2024-04-04 13:16:56,121.757,24.1925,4.6,21.2,4,花蓮縣政府東北方  26.3  公里 (位於臺灣東部海域)(臺灣東部海域)
小區域有感地震,2024-04-04 13:08:11,121.67,23.9645,4.4,41.6,3,花蓮縣政府東南東方  5.8  公里 (位於花蓮縣近海)(花蓮縣近海)
小區域有感地震,2024-04-04 13:02:15,121.707,24.2772,3.1,13.6,1,花蓮縣政府北北東方  32.9  公里 (位於花蓮縣秀林鄉)(花蓮縣秀林鄉)
小區域有感地震,2024-04-04 13:01:42,121.635,23.9823,4.1,37.7,1,花蓮縣政府東南東方  1.8  公里 (位於花蓮縣近海)(花蓮縣近海)
123   ,2024-04-04 13:00:30,121.762,24.193,4.8,21.7,4,花蓮縣政府東北方  26.6  公里 (位於臺灣東部海域)(臺灣東部海域)
小區域有感地震,2024-04-04 12:56:43,121.497,23.7857,3.9,8.8,3,花蓮縣政府南南西方  26.0  公里 (位於花蓮縣鳳林鎮)(花蓮縣鳳林鎮)
小區域有感地震,2024-04-04 12:43:33,121.785,24.2273,4.0,7.8,2,花蓮縣政府東北方  31.1  公里 (位於花蓮縣近海)(花蓮縣近海)
小區域有感地震,2024-04-04 12:16:45,121.54,23.7807,4.0,19.8,2,花蓮縣政府南南西方  24.7  公里 (位於花蓮縣壽豐鄉)(花蓮縣壽豐鄉)
122   ,2024-04-04 12:11:47,121.713,24.1835,4.4,15.4,3,花蓮縣政府北北東方  23.3  公里 (位於花蓮縣近海)(花蓮縣近海)
小區域有感地震,2024-04-04 12:11:12,121.734,24.2215,3.2,9.5,2,花蓮縣政府北北東方  28.0  公里 (位於花蓮縣近海)(花蓮縣近海)
小區域有感地震,2024-04-04 11:53:00,121.708,24.1807,3.9,15.8,3,花蓮縣政府北北東方  22.8  公里 (位於花蓮縣近海)(花蓮縣近海)
小區域有感地震,2024-04-04 11:44:16,121.576,23.9252,3.7,10.9,3,花蓮縣政府南南西方  8.5  公里 (位於花蓮縣吉安鄉)(花蓮縣吉安鄉)
小區域有感地震,2024-04-04 11:35:53,121.69,24.2457,3.7,16.1,3,花蓮縣政府北北東方  29.1  公里 (位於花蓮縣秀林鄉)(花蓮縣秀林鄉)
小區域有感地震,2024-04-04 11:32:03,121.7,24.1833,3.5,15.1,3,花蓮縣政府北北東方  22.8  公里 (位於花蓮縣近海)(花蓮縣近海)
121   ,2024-04-04 11:31:24,121.71,24.1745,4.2,15.8,4,花蓮縣政府北北東方  22.3  公里 (位於花蓮縣近海)(花蓮縣近海)
120   ,2024-04-04 11:14:30,121.662,24.0312,4.6,39.0,3,花蓮縣政府東北方  6.2  公里 (位於花蓮縣近海)(花蓮縣近海)
小區域有感地震,2024-04-04 11:11:10,121.704,24.2012,3.8,12.8,3,花蓮縣政府北北東方  24.8  公里 (位於花蓮縣近海)(花蓮縣近海)
119   ,2024-04-04 11:10:11,121.712,24.2037,4.4,13.3,3,花蓮縣政府北北東方  25.3  公里 (位於花蓮縣近海)(花蓮縣近海)
小區域有感地震,2024-04-04 11:09:54,121.709,24.1997,3.6,13.7,2,花蓮縣政府北北東方  24.8  公里 (位於花蓮縣近海)(花蓮縣近海)
小區域有感地震,2024-04-04 10:49:28,121.625,23.9595,3.7,26.9,1,花蓮縣政府南方  3.5  公里 (位於花蓮縣近海)(花蓮縣近海)
小區域有感地震,2024-04-04 10:43:54,121.71,24.1803,4.0,16.2,3,花蓮縣政府北北東方  22.9  公里 (位於花蓮縣近海)(花蓮縣近海)
小區域有感地震,2024-04-04 10:34:21,121.708,24.0438,3.6,31.3,1,花蓮縣政府東北東方  10.7  公里 (位於花蓮縣近海)(花蓮縣近海)
小區域有感地震,2024-04-04 10:33:16,121.68,24.1745,3.8,15.5,4,花蓮縣政府北北東方  21.2  公里 (位於花蓮縣近海)(花蓮縣近海)
小區域有感地震,2024-04-04 10:17:36,121.75,24.0145,4.2,23.4,2,花蓮縣政府東方  13.5  公里 (位於臺灣東部海域)(臺灣東部海域)
小區域有感地震,2024-04-04 10:16:21,121.689,24.1215,3.8,17.9,2,花蓮縣政府北北東方  16.1  公里 (位於花蓮縣近海)(花蓮縣近海)
小區域有感地震,2024-04-04 10:14:49,120.209,23.3688,3.7,9.4,4,嘉義縣政府西南方  13.2  公里 (位於嘉義縣義竹鄉)(嘉義縣義竹鄉)
小區域有感地震,2024-04-04 10:08:17,121.712,24.1823,3.8,15.8,2,花蓮縣政府北北東方  23.2  公里 (位於花蓮縣近海)(花蓮縣近海)
小區域有感地震,2024-04-04 10:05:12,121.656,24.0147,4.2,37.7,2,花蓮縣政府東北東方  4.5  公里 (位於花蓮縣近海)(花蓮縣近海)
118   ,2024-04-04 10:04:20,121.717,24.177,4.3,17.2,4,花蓮縣政府北北東方  22.8  公里 (位於花蓮縣近海)(花蓮縣近海)
117   ,2024-04-04 10:02:56,121.699,24.184,4.8,18.9,4,花蓮縣政府北北東方  22.8  公里 (位於花蓮縣近海)(花蓮縣近海)
小區域有感地震,2024-04-04 10:01:20,121.693,24.1718,4.3,16.3,4,花蓮縣政府北北東方  21.4  公里 (位於花蓮縣近海)(花蓮縣近海)
小區域有感地震,2024-04-04 09:55:29,121.711,24.1183,3.4,15.6,1,花蓮縣政府東北方  16.9  公里 (位於花蓮縣近海)(花蓮縣近海)
小區域有感地震,2024-04-04 09:52:34,121.685,24.2312,3.2,11.0,2,花蓮縣政府北北東方  27.4  公里 (位於花蓮縣秀林鄉)(花蓮縣秀林鄉)
小區域有感地震,2024-04-04 09:47:30,121.74,24.2057,3.5,15.9,3,花蓮縣政府北北東方  26.7  公里 (位於花蓮縣近海)(花蓮縣近海)
小區域有感地震,2024-04-04 09:43:54,121.757,24.3098,3.6,15.4,2,花蓮縣政府北北東方  37.9  公里 (位於花蓮縣秀林鄉)(花蓮縣秀林鄉)
小區域有感地震,2024-04-04 09:32:02,121.684,24.231,3.8,25.5,2,花蓮縣政府北北東方  27.4  公里 (位於花蓮縣秀林鄉)(花蓮縣秀林鄉)
小區域有感地震,2024-04-04 09:31:39,121.825,24.189,4.3,23.1,3,花蓮縣政府東北方  30.3  公里 (位於臺灣東部海域)(臺灣東部海域)
116   ,2024-04-04 09:29:08,121.528,23.8222,4.9,8.2,3,花蓮縣政府南南西方  20.9  公里 (位於花蓮縣壽豐鄉)(花蓮縣壽豐鄉)
小區域有感地震,2024-04-04 09:14:32,121.624,24.0702,4.4,15.2,3,花蓮縣政府北方  8.8  公里 (位於花蓮縣近海)(花蓮縣近海)
小區域有感地震,2024-04-04 08:53:46,121.689,24.2323,3.8,16.8,2,花蓮縣政府北北東方  27.6  公里 (位於花蓮縣秀林鄉)(花蓮縣秀林鄉)
小區域有感地震,2024-04-04 08:43:07,121.482,23.798,2.9,8.2,2,花蓮縣政府西南方  25.6  公里 (位於花蓮縣鳳林鎮)(花蓮縣鳳林鎮)
115   ,2024-04-04 08:32:40,121.692,24.2238,4.3,16.2,4,花蓮縣政府北北東方  26.8  公里 (位於花蓮縣近海)(花蓮縣近海)
小區域有感地震,2024-04-04 08:30:46,121.729,24.2088,3.6,14.2,2,花蓮縣政府北北東方  26.5  公里 (位於花蓮縣近海)(花蓮縣近海)
小區域有感地震,2024-04-04 08:28:22,121.729,24.2082,3.3,14.4,2,花蓮縣政府北北東方  26.5  公里 (位於花蓮縣近海)(花蓮縣近海)
小區域有感地震,2024-04-04 08:27:25,121.731,24.2023,3.2,14.5,2,花蓮縣政府北北東方  26.0  公里 (位於花蓮縣近海)(花蓮縣近海)
114   ,2024-04-04 08:18:09,121.687,24.2258,4.4,16.4,3,花蓮縣政府北北東方  26.9  公里 (位於花蓮縣秀林鄉)(花蓮縣秀林鄉)
小區域有感地震,2024-04-04 07:56:21,121.667,24.1882,3.5,16.9,2,花蓮縣政府北北東方  22.4  公里 (位於花蓮縣近海)(花蓮縣近海)
小區域有感地震,2024-04-04 07:50:44,121.758,24.2067,3.1,8.8,2,花蓮縣政府北北東方  27.7  公里 (位於花蓮縣近海)(花蓮縣近海)
小區域有感地震,2024-04-04 07:48:12,121.845,24.1412,3.9,22.5,2,花蓮縣政府東北東方  28.3  公里 (位於臺灣東部海域)(臺灣東部海域)
小區域有感地震,2024-04-04 07:47:46,121.785,24.2498,3.3,22.8,1,花蓮縣政府北北東方  33.2  公里 (位於花蓮縣近海)(花蓮縣近海)
小區域有感地震,2024-04-04 07:47:14,121.754,24.2143,3.4,7.5,2,花蓮縣政府北北東方  28.2  公里 (位於花蓮縣近海)(花蓮縣近海)
小區域有感地震,2024-04-04 07:43:51,121.775,24.2523,4.1,23.8,3,花蓮縣政府北北東方  32.9  公里 (位於花蓮縣近海)(花蓮縣近海)
小區域有感地震,2024-04-04 07:23:15,121.673,24.1743,3.9,17.6,3,花蓮縣政府北北東方  21.0  公里 (位於花蓮縣近海)(花蓮縣近海)
小區域有感地震,2024-04-04 07:09:19,121.791,24.2512,3.7,16.2,3,花蓮縣政府北北東方  33.6  公里 (位於花蓮縣近海)(花蓮縣近海)
小區域有感地震,2024-04-04 06:53:41,121.783,24.2203,3.5,7.5,2,花蓮縣政府東北方  30.3  公里 (位於花蓮縣近海)(花蓮縣近海)
113   ,2024-04-04 06:48:12,121.688,24.059,4.8,38.1,3,花蓮縣政府東北方  10.2  公里 (位於花蓮縣近海)(花蓮縣近海)
112   ,2024-04-04 06:46:35,121.659,23.9927,4.9,38.2,2,花蓮縣政府東方  4.0  公里 (位於花蓮縣近海)(花蓮縣近海)
小區域有感地震,2024-04-04 06:36:58,121.583,23.8292,3.6,28.3,1,花蓮縣政府南南西方  18.3  公里 (位於花蓮縣近海)(花蓮縣近海)
小區域有感地震,2024-04-04 06:32:51,121.707,24.1157,4.1,15.1,3,花蓮縣政府東北方  16.4  公里 (位於花蓮縣近海)(花蓮縣近海)
小區域有感地震,2024-04-04 06:26:21,121.824,24.1868,3.7,22.3,2,花蓮縣政府東北方  30.0  公里 (位於臺灣東部海域)(臺灣東部海域)
小區域有感地震,2024-04-04 06:19:36,121.613,23.847,4.3,37.8,2,花蓮縣政府南方  16.0  公里 (位於花蓮縣近海)(花蓮縣近海)
小區域有感地震,2024-04-04 06:15:57,121.73,24.0218,3.9,26.4,2,花蓮縣政府東北東方  11.7  公里 (位於花蓮縣近海)(花蓮縣近海)
小區域有感地震,2024-04-04 06:10:27,121.712,24.124,3.9,34.6,2,花蓮縣政府東北方  17.5  公里 (位於花蓮縣近海)(花蓮縣近海)
小區域有感地震,2024-04-04 05:56:49,121.661,24.182,3.7,15.8,3,花蓮縣政府北北東方  21.6  公里 (位於花蓮縣近海)(花蓮縣近海)
111   ,2024-04-04 05:56:13,121.666,24.1838,4.8,15.2,4,花蓮縣政府北北東方  21.9  公里 (位於花蓮縣近海)(花蓮縣近海)
小區域有感地震,2024-04-04 05:52:47,121.825,24.2747,3.2,13.0,1,花蓮縣政府東北方  37.7  公里 (位於花蓮縣近海)(花蓮縣近海)
小區域有感地震,2024-04-04 05:49:33,121.671,24.1663,4.0,31.9,2,花蓮縣政府北北東方  20.1  公里 (位於花蓮縣近海)(花蓮縣近海)
小區域有感地震,2024-04-04 05:36:35,121.674,24.1802,3.7,16.5,3,花蓮縣政府北北東方  21.7  公里 (位於花蓮縣近海)(花蓮縣近海)
小區域有感地震,2024-04-04 05:36:06,121.534,23.7148,3.5,6.4,4,花蓮縣政府南南西方  31.8  公里 (位於花蓮縣豐濱鄉)(花蓮縣豐濱鄉)
小區域有感地震,2024-04-04 05:26:25,121.744,23.9798,3.9,25.7,2,花蓮縣政府東方  12.7  公里 (位於臺灣東部海域)(臺灣東部海域)
小區域有感地震,2024-04-04 05:20:47,121.852,24.5222,3.5,10.4,2,宜蘭縣政府南南東方  24.8  公里 (位於宜蘭縣近海)(宜蘭縣近海)
110   ,2024-04-04 05:19:16,121.772,24.1617,4.1,17.1,3,花蓮縣政府東北方  24.4  公里 (位於臺灣東部海域)(臺灣東部海域)
小區域有感地震,2024-04-04 05:12:54,121.63,24.0032,3.8,30.1,2,花蓮縣政府東北方  1.7  公里 (位於花蓮縣花蓮市)(花蓮縣花蓮市)
小區域有感地震,2024-04-04 04:58:19,121.621,23.9282,3.8,32.7,2,花蓮縣政府南方  7.0  公里 (位於花蓮縣近海)(花蓮縣近海)
小區域有感地震,2024-04-04 04:51:01,121.773,24.1057,3.6,27.3,2,花蓮縣政府東北方  20.1  公里 (位於臺灣東部海域)(臺灣東部海域)
小區域有感地震,2024-04-04 04:47:35,121.743,24.2057,3.8,15.0,3,花蓮縣政府北北東方  26.9  公里 (位於花蓮縣近海)(花蓮縣近海)
小區域有感地震,2024-04-04 04:30:21,121.674,24.1752,3.9,17.1,2,花蓮縣政府北北東方  21.1  公里 (位於花蓮縣近海)(花蓮縣近海)
109   ,2024-04-04 04:29:18,121.807,24.2555,4.8,12.6,4,花蓮縣政府東北方  34.9  公里 (位於花蓮縣近海)(花蓮縣近海)
小區域有感地震,2024-04-04 04:28:43,121.666,24.1857,3.8,16.3,3,花蓮縣政府北北東方  22.1  公里 (位於花蓮縣近海)(花蓮縣近海)
小區域有感地震,2024-04-04 04:28:25,121.672,24.183,3.9,16.3,2,花蓮縣政府北北東方  21.9  公里 (位於花蓮縣近海)(花蓮縣近海)
108   ,2024-04-04 04:26:57,121.683,24.2478,4.5,23.0,3,花蓮縣政府北北東方  29.2  公里 (位於花蓮縣秀林鄉)(花蓮縣秀林鄉)
小區域有感地震,2024-04-04 04:25:59,121.815,24.1843,4.0,3.7,2,花蓮縣政府東北方  29.2  公里 (位於臺灣東部海域)(臺灣東部海域)
小區域有感地震,2024-04-04 04:16:43,121.831,24.154,4.0,23.6,2,花蓮縣政府東北方  28.1  公里 (位於臺灣東部海域)(臺灣東部海域)
小區域有感地震,2024-04-04 04:10:20,121.844,24.1473,4.1,23.4,2,花蓮縣政府東北方  28.6  公里 (位於臺灣東部海域)(臺灣東部海域)
小區域有感地震,2024-04-04 04:04:06,121.757,24.2538,3.5,13.8,2,花蓮縣政府北北東方  32.3  公里 (位於花蓮縣近海)(花蓮縣近海)
小區域有感地震,2024-04-04 04:03:35,121.804,23.7857,4.2,17.6,2,花蓮縣政府東南方  29.5  公里 (位於臺灣東部海域)(臺灣東部海域)
小區域有感地震,2024-04-04 04:01:54,121.7,24.0453,3.8,30.5,2,花蓮縣政府東北方  10.1  公里 (位於花蓮縣近海)(花蓮縣近海)
小區域有感地震,2024-04-04 03:54:13,121.701,24.123,4.1,18.7,3,花蓮縣政府北北東方  16.8  公里 (位於花蓮縣近海)(花蓮縣近海)
小區域有感地震,2024-04-04 03:49:02,121.594,23.9692,3.6,24.1,1,花蓮縣政府西南方  3.6  公里 (位於花蓮縣吉安鄉)(花蓮縣吉安鄉)
107   ,2024-04-04 03:46:53,121.772,23.8093,5.0,19.5,3,花蓮縣政府東南方  25.4  公里 (位於臺灣東部海域)(臺灣東部海域)
小區域有感地震,2024-04-04 03:35:44,121.647,24.0112,4.2,38.1,2,花蓮縣政府東北方  3.6  公里 (位於花蓮縣近海)(花蓮縣近海)
小區域有感地震,2024-04-04 03:35:20,121.623,23.9672,4.1,24.6,2,花蓮縣政府南方  2.7  公里 (位於花蓮縣近海)(花蓮縣近海)
小區域有感地震,2024-04-04 03:33:15,121.613,23.955,4.1,24.8,2,花蓮縣政府南方  4.1  公里 (位於花蓮縣近海)(花蓮縣近海)
小區域有感地震,2024-04-04 03:27:43,121.722,24.1357,3.7,17.3,3,花蓮縣政府東北方  19.1  公里 (位於花蓮縣近海)(花蓮縣近海)
小區域有感地震,2024-04-04 03:19:58,121.692,24.1082,3.9,17.9,2,花蓮縣政府北北東方  14.9  公里 (位於花蓮縣近海)(花蓮縣近海)
小區域有感地震,2024-04-04 03:15:11,121.756,24.2563,3.6,12.6,2,花蓮縣政府北北東方  32.5  公里 (位於花蓮縣近海)(花蓮縣近海)
106   ,2024-04-04 03:07:26,121.647,23.9462,4.6,41.4,2,花蓮縣政府南南東方  5.7  公里 (位於花蓮縣近海)(花蓮縣近海)
小區域有感地震,2024-04-04 03:04:09,121.744,24.238,3.5,12.0,2,花蓮縣政府北北東方  30.1  公里 (位於花蓮縣近海)(花蓮縣近海)
105   ,2024-04-04 02:55:58,121.673,24.1668,4.2,18.5,3,花蓮縣政府北北東方  20.2  公里 (位於花蓮縣近海)(花蓮縣近海)
小區域有感地震,2024-04-04 02:52:24,121.62,24.0417,3.6,14.7,2,花蓮縣政府北方  5.6  公里 (位於花蓮縣近海)(花蓮縣近海)
小區域有感地震,2024-04-04 02:45:45,121.515,23.865,4.0,9.4,3,花蓮縣政府西南方  17.6  公里 (位於花蓮縣壽豐鄉)(花蓮縣壽豐鄉)
小區域有感地震,2024-04-04 02:38:31,121.764,24.2447,3.6,14.8,2,花蓮縣政府北北東方  31.7  公里 (位於花蓮縣近海)(花蓮縣近海)
小區域有感地震,2024-04-04 02:35:30,121.641,24.075,3.9,8.9,3,花蓮縣政府北北東方  9.5  公里 (位於花蓮縣近海)(花蓮縣近海)
小區域有感地震,2024-04-04 02:32:21,121.704,23.8243,4.2,23.4,2,花蓮縣政府南南東方  20.3  公里 (位於臺灣東部海域)(臺灣東部海域)
小區域有感地震,2024-04-04 02:31:01,121.67,24.1792,3.9,16.0,3,花蓮縣政府北北東方  21.4  公里 (位於花蓮縣近海)(花蓮縣近海)
104   ,2024-04-04 02:30:45,121.683,24.172,4.4,18.0,3,花蓮縣政府北北東方  21.1  公里 (位於花蓮縣近海)(花蓮縣近海)
103   ,2024-04-04 02:29:48,121.762,23.8137,5.4,19.2,4,花蓮縣政府東南方  24.4  公里 (位於臺灣東部海域)(臺灣東部海域)
小區域有感地震,2024-04-04 02:04:05,121.601,24.0915,3.6,11.9,3,花蓮縣政府北方  11.3  公里 (位於花蓮縣秀林鄉)(花蓮縣秀林鄉)
小區域有感地震,2024-04-04 01:44:58,121.653,23.8958,3.8,39.2,1,花蓮縣政府南南東方  11.1  公里 (位於花蓮縣近海)(花蓮縣近海)
小區域有感地震,2024-04-04 01:40:11,121.567,24.0328,3.2,6.9,2,花蓮縣政府西北方  7.1  公里 (位於花蓮縣秀林鄉)(花蓮縣秀林鄉)
102   ,2024-04-04 01:39:12,121.607,23.9253,4.8,25.1,4,花蓮縣政府南南西方  7.4  公里 (位於花蓮縣近海)(花蓮縣近海)
小區域有感地震,2024-04-04 01:30:30,121.761,24.2315,3.3,14.5,2,花蓮縣政府北北東方  30.2  公里 (位於花蓮縣近海)(花蓮縣近海)
小區域有感地震,2024-04-04 01:20:12,121.809,24.0562,4.0,23.3,2,花蓮縣政府東北東方  20.5  公里 (位於臺灣東部海域)(臺灣東部海域)
101   ,2024-04-04 01:18:59,121.768,24.09,4.8,27.3,4,花蓮縣政府東北方  18.6  公里 (位於臺灣東部海域)(臺灣東部海域)
小區域有感地震,2024-04-04 01:12:54,121.76,24.2445,3.8,14.8,2,花蓮縣政府北北東方  31.5  公里 (位於花蓮縣近海)(花蓮縣近海)
小區域有感地震,2024-04-04 01:02:33,121.687,24.177,4.0,17.8,2,花蓮縣政府北北東方  21.7  公里 (位於花蓮縣近海)(花蓮縣近海)
小區域有感地震,2024-04-04 00:52:03,121.694,24.133,3.8,18.3,3,花蓮縣政府北北東方  17.4  公里 (位於花蓮縣近海)(花蓮縣近海)
小區域有感地震,2024-04-04 00:33:10,121.669,24.0037,3.8,37.1,1,花蓮縣政府東北東方  5.2  公里 (位於花蓮縣近海)(花蓮縣近海)
小區域有感地震,2024-04-04 00:26:00,121.742,24.2455,3.3,11.8,2,花蓮縣政府北北東方  30.8  公里 (位於花蓮縣近海)(花蓮縣近海)
小區域有感地震,2024-04-04 00:18:50,121.679,24.165,3.2,17.6,2,花蓮縣政府北北東方  20.2  公里 (位於花蓮縣近海)(花蓮縣近海)
小區域有感地震,2024-04-04 00:17:33,121.611,24.0943,3.3,12.2,3,花蓮縣政府北方  11.5  公里 (位於花蓮縣新城鄉)(花蓮縣新城鄉)
小區域有感地震,2024-04-04 00:12:50,121.789,23.7905,4.3,16.9,1,花蓮縣政府東南方  28.1  公里 (位於臺灣東部海域)(臺灣東部海域)
小區域有感地震,2024-04-04 00:07:25,121.675,24.1893,3.2,17.0,2,花蓮縣政府北北東方  22.7  公里 (位於花蓮縣近海)(花蓮縣近海)
小區域有感地震,2024-04-04 00:06:09,121.553,23.8387,3.9,8.5,3,花蓮縣政府南南西方  18.2  公里 (位於花蓮縣壽豐鄉)(花蓮縣壽豐鄉)
100   ,2024-04-03 23:55:12,121.678,24.2455,5.1,13.7,4,花蓮縣政府北北東方  28.8  公里 (位於花蓮縣秀林鄉)(花蓮縣秀林鄉)
小區域有感地震,2024-04-03 23:54:39,121.671,24.1772,4.7,17.5,3,花蓮縣政府北北東方  21.2  公里 (位於花蓮縣近海)(花蓮縣近海)
小區域有感地震,2024-04-03 23:54:23,121.674,24.1775,3.9,17.6,3,花蓮縣政府北北東方  21.4  公里 (位於花蓮縣近海)(花蓮縣近海)
小區域有感地震,2024-04-03 23:53:50,121.688,24.1752,3.6,18.4,2,花蓮縣政府北北東方  21.5  公里 (位於花蓮縣近海)(花蓮縣近海)
小區域有感地震,2024-04-03 23:49:03,121.63,23.9572,3.7,25.5,2,花蓮縣政府南南東方  3.9  公里 (位於花蓮縣近海)(花蓮縣近海)
小區域有感地震,2024-04-03 23:47:45,121.678,24.1808,3.7,18.2,2,花蓮縣政府北北東方  21.8  公里 (位於花蓮縣近海)(花蓮縣近海)
小區域有感地震,2024-04-03 23:47:24,121.813,24.037,3.6,23.6,1,花蓮縣政府東北東方  20.3  公里 (位於臺灣東部海域)(臺灣東部海域)
099   ,2024-04-03 23:42:36,121.678,24.1688,5.1,18.8,4,花蓮縣政府北北東方  20.6  公里 (位於花蓮縣近海)(花蓮縣近海)
098   ,2024-04-03 23:39:10,121.68,24.1648,5.1,19.4,4,花蓮縣政府北北東方  20.2  公里 (位於花蓮縣近海)(花蓮縣近海)
小區域有感地震,2024-04-03 23:35:08,121.635,23.8358,3.9,28.9,2,花蓮縣政府南方  17.2  公里 (位於花蓮縣近海)(花蓮縣近海)
小區域有感地震,2024-04-03 23:32:48,121.527,23.7138,3.4,5.4,4,花蓮縣政府南南西方  32.1  公里 (位於花蓮縣豐濱鄉)(花蓮縣豐濱鄉)
小區域有感地震,2024-04-03 23:30:00,121.668,23.9153,4.5,34.3,2,花蓮縣政府南南東方  9.7  公里 (位於花蓮縣近海)(花蓮縣近海)
小區域有感地震,2024-04-03 23:27:40,121.68,24.1143,3.9,18.7,3,花蓮縣政府北北東方  15.0  公里 (位於花蓮縣近海)(花蓮縣近海)
小區域有感地震,2024-04-03 23:25:35,121.67,23.9953,4.4,39.8,3,花蓮縣政府東方  5.1  公里 (位於花蓮縣近海)(花蓮縣近海)
097   ,2024-04-03 23:20:04,121.722,24.1738,4.3,12.2,4,花蓮縣政府北北東方  22.7  公里 (位於花蓮縣近海)(花蓮縣近海)
小區域有感地震,2024-04-03 23:09:59,121.707,24.265,3.2,13.5,2,花蓮縣政府北北東方  31.6  公里 (位於花蓮縣秀林鄉)(花蓮縣秀林鄉)
小區域有感地震,2024-04-03 23:06:39,121.695,24.1342,3.9,37.8,1,花蓮縣政府北北東方  17.6  公里 (位於花蓮縣近海)(花蓮縣近海)
096   ,2024-04-03 23:01:41,121.692,24.2333,4.7,22.8,3,花蓮縣政府北北東方  27.8  公里 (位於花蓮縣秀林鄉)(花蓮縣秀林鄉)
小區域有感地震,2024-04-03 22:55:00,121.706,24.0405,3.5,27.9,2,花蓮縣政府東北東方  10.3  公里 (位於花蓮縣近海)(花蓮縣近海)
095   ,2024-04-03 22:49:15,121.84,24.1432,4.8,22.4,4,花蓮縣政府東北方  28.0  公里 (位於臺灣東部海域)(臺灣東部海域)
094   ,2024-04-03 22:38:35,121.672,24.168,4.6,17.4,4,花蓮縣政府北北東方  20.3  公里 (位於花蓮縣近海)(花蓮縣近海)
小區域有感地震,2024-04-03 22:29:14,121.829,24.1827,4.4,21.3,3,花蓮縣政府東北方  30.0  公里 (位於臺灣東部海域)(臺灣東部海域)
093   ,2024-04-03 22:29:09,121.698,24.1738,4.4,12.3,4,花蓮縣政府北北東方  21.8  公里 (位於花蓮縣近海)(花蓮縣近海)
092   ,2024-04-03 22:17:03,121.757,24.3073,4.2,14.6,4,花蓮縣政府北北東方  37.7  公里 (位於花蓮縣秀林鄉)(花蓮縣秀林鄉)
小區域有感地震,2024-04-03 22:12:47,121.673,24.1723,3.5,15.6,2,花蓮縣政府北北東方  20.8  公里 (位於花蓮縣近海)(花蓮縣近海)
小區域有感地震,2024-04-03 22:12:19,121.683,24.1563,3.6,25.1,1,花蓮縣政府北北東方  19.4  公里 (位於花蓮縣近海)(花蓮縣近海)
小區域有感地震,2024-04-03 22:03:29,121.523,23.8822,3.3,16.6,1,花蓮縣政府西南方  15.6  公里 (位於花蓮縣壽豐鄉)(花蓮縣壽豐鄉)
小區域有感地震,2024-04-03 21:57:42,121.534,23.881,3.6,15.6,2,花蓮縣政府西南方  15.0  公里 (位於花蓮縣壽豐鄉)(花蓮縣壽豐鄉)
091   ,2024-04-03 21:52:04,121.836,24.1643,4.1,21.8,3,花蓮縣政府東北方  29.1  公里 (位於臺灣東部海域)(臺灣東部海域)
小區域有感地震,2024-04-03 21:51:28,121.675,24.1677,3.4,18.1,2,花蓮縣政府北北東方  20.3  公里 (位於花蓮縣近海)(花蓮縣近海)
小區域有感地震,2024-04-03 21:42:46,121.677,24.1042,4.1,42.2,2,花蓮縣政府北北東方  13.8  公里 (位於花蓮縣近海)(花蓮縣近海)
小區域有感地震,2024-04-03 21:32:00,121.723,24.0603,4.3,28.6,3,花蓮縣政府東北方  13.0  公里 (位於臺灣東部海域)(臺灣東部海域)
090   ,2024-04-03 21:24:30,121.769,24.1953,4.2,23.9,3,花蓮縣政府東北方  27.2  公里 (位於臺灣東部海域)(臺灣東部海域)
小區域有感地震,2024-04-03 21:24:21,121.769,24.1987,4.0,23.6,3,花蓮縣政府東北方  27.5  公里 (位於臺灣東部海域)(臺灣東部海域)
小區域有感地震,2024-04-03 21:12:42,121.744,24.0128,3.4,24.4,2,花蓮縣政府東方  12.8  公里 (位於臺灣東部海域)(臺灣東部海域)
小區域有感地震,2024-04-03 21:00:27,121.822,24.202,3.6,22.7,1,花蓮縣政府東北方  31.1  公里 (位於臺灣東部海域)(臺灣東部海域)
小區域有感地震,2024-04-03 20:52:10,121.647,23.8575,4.3,37.1,2,花蓮縣政府南南東方  15.0  公里 (位於花蓮縣近海)(花蓮縣近海)
小區域有感地震,2024-04-03 20:43:46,121.699,23.9752,3.6,26.1,2,花蓮縣政府東南東方  8.2  公里 (位於花蓮縣近海)(花蓮縣近海)
小區域有感地震,2024-04-03 20:35:38,121.539,23.7627,3.7,16.2,2,花蓮縣政府南南西方  26.6  公里 (位於花蓮縣壽豐鄉)(花蓮縣壽豐鄉)
小區域有感地震,2024-04-03 20:05:34,121.661,24.0025,3.8,39.1,2,花蓮縣政府東北東方  4.4  公里 (位於花蓮縣近海)(花蓮縣近海)
小區域有感地震,2024-04-03 20:03:22,121.623,24.0167,4.0,27.6,3,花蓮縣政府北方  2.9  公里 (位於花蓮縣花蓮市)(花蓮縣花蓮市)
089   ,2024-04-03 20:02:07,121.642,24.0418,4.3,16.5,3,花蓮縣政府北北東方  6.1  公里 (位於花蓮縣近海)(花蓮縣近海)
小區域有感地震,2024-04-03 19:55:48,121.672,24.158,3.4,18.8,2,花蓮縣政府北北東方  19.2  公里 (位於花蓮縣近海)(花蓮縣近海)
088   ,2024-04-03 19:51:36,121.64,24.0312,4.4,25.5,3,花蓮縣政府北北東方  4.9  公里 (位於花蓮縣近海)(花蓮縣近海)
小區域有感地震,2024-04-03 19:46:33,121.742,24.2097,3.5,17.0,3,花蓮縣政府北北東方  27.2  公里 (位於花蓮縣近海)(花蓮縣近海)
小區域有感地震,2024-04-03 19:38:57,121.752,24.2985,3.6,13.9,3,花蓮縣政府北北東方  36.6  公里 (位於花蓮縣秀林鄉)(花蓮縣秀林鄉)
小區域有感地震,2024-04-03 19:38:37,121.727,24.075,3.8,9.0,2,花蓮縣政府東北方  14.3  公里 (位於臺灣東部海域)(臺灣東部海域)
小區域有感地震,2024-04-03 19:24:04,121.776,24.2152,3.5,7.5,2,花蓮縣政府東北方  29.5  公里 (位於花蓮縣近海)(花蓮縣近海)
小區域有感地震,2024-04-03 19:22:34,121.63,23.9093,4.4,34.1,2,花蓮縣政府南方  9.1  公里 (位於花蓮縣近海)(花蓮縣近海)
087   ,2024-04-03 19:22:30,121.753,24.218,4.0,12.0,3,花蓮縣政府北北東方  28.5  公里 (位於花蓮縣近海)(花蓮縣近海)
小區域有感地震,2024-04-03 19:10:35,121.543,23.8158,4.1,8.8,3,花蓮縣政府南南西方  20.9  公里 (位於花蓮縣壽豐鄉)(花蓮縣壽豐鄉)
小區域有感地震,2024-04-03 19:06:09,121.605,23.941,4.1,29.8,2,花蓮縣政府南南西方  5.8  公里 (位於花蓮縣壽豐鄉)(花蓮縣壽豐鄉)
小區域有感地震,2024-04-03 19:05:58,121.834,24.2703,3.4,11.6,2,花蓮縣政府東北方  37.8  公里 (位於花蓮縣近海)(花蓮縣近海)
小區域有感地震,2024-04-03 19:04:28,121.771,24.1918,3.2,8.7,2,花蓮縣政府東北方  27.0  公里 (位於臺灣東部海域)(臺灣東部海域)
小區域有感地震,2024-04-03 19:03:49,121.813,24.0553,3.9,22.4,2,花蓮縣政府東北東方  20.8  公里 (位於臺灣東部海域)(臺灣東部海域)
小區域有感地震,2024-04-03 18:58:17,121.533,23.8223,3.7,19.4,2,花蓮縣政府南南西方  20.7  公里 (位於花蓮縣壽豐鄉)(花蓮縣壽豐鄉)
086   ,2024-04-03 18:56:38,121.671,24.0293,4.9,39.9,3,花蓮縣政府東北方  6.7  公里 (位於花蓮縣近海)(花蓮縣近海)
小區域有感地震,2024-04-03 18:43:36,121.655,24.0285,3.8,28.7,2,花蓮縣政府東北方  5.4  公里 (位於花蓮縣近海)(花蓮縣近海)
小區域有感地震,2024-04-03 18:41:27,121.743,24.1115,4.0,27.8,2,花蓮縣政府東北方  18.3  公里 (位於臺灣東部海域)(臺灣東部海域)
085   ,2024-04-03 18:38:55,121.655,24.1952,4.7,31.0,3,花蓮縣政府北方  22.9  公里 (位於花蓮縣秀林鄉)(花蓮縣秀林鄉)
小區域有感地震,2024-04-03 18:30:27,121.817,23.7823,4.2,15.2,2,花蓮縣政府東南方  30.6  公里 (位於臺灣東部海域)(臺灣東部海域)
小區域有感地震,2024-04-03 18:28:32,121.628,24.0672,3.9,16.0,3,花蓮縣政府北方  8.5  公里 (位於花蓮縣近海)(花蓮縣近海)
小區域有感地震,2024-04-03 18:27:20,121.808,24.1338,3.7,27.5,1,花蓮縣政府東北方  24.8  公里 (位於臺灣東部海域)(臺灣東部海域)
小區域有感地震,2024-04-03 18:26:14,121.816,24.1382,4.0,28.0,2,花蓮縣政府東北方  25.7  公里 (位於臺灣東部海域)(臺灣東部海域)
小區域有感地震,2024-04-03 18:24:18,121.585,23.8177,4.0,29.0,2,花蓮縣政府南南西方  19.5  公里 (位於花蓮縣近海)(花蓮縣近海)
小區域有感地震,2024-04-03 18:20:42,121.539,23.7803,3.7,17.0,2,花蓮縣政府南南西方  24.8  公里 (位於花蓮縣壽豐鄉)(花蓮縣壽豐鄉)
小區域有感地震,2024-04-03 18:13:31,121.708,24.1133,3.5,8.7,2,花蓮縣政府東北方  16.2  公里 (位於花蓮縣近海)(花蓮縣近海)
小區域有感地震,2024-04-03 18:11:52,121.673,24.1555,3.7,16.2,3,花蓮縣政府北北東方  19.0  公里 (位於花蓮縣近海)(花蓮縣近海)
小區域有感地震,2024-04-03 18:08:58,121.537,23.7915,3.9,15.9,2,花蓮縣政府南南西方  23.7  公里 (位於花蓮縣壽豐鄉)(花蓮縣壽豐鄉)
小區域有感地震,2024-04-03 18:07:37,121.678,24.1612,4.0,15.5,2,花蓮縣政府北北東方  19.7  公里 (位於花蓮縣近海)(花蓮縣近海)
小區域有感地震,2024-04-03 18:03:15,121.726,24.2317,3.4,8.4,1,花蓮縣政府北北東方  28.7  公里 (位於花蓮縣近海)(花蓮縣近海)
小區域有感地震,2024-04-03 17:58:10,121.681,24.1432,4.1,33.4,2,花蓮縣政府北北東方  18.0  公里 (位於花蓮縣近海)(花蓮縣近海)
084   ,2024-04-03 17:53:42,121.779,24.0622,4.4,24.5,3,花蓮縣政府東北東方  18.0  公里 (位於臺灣東部海域)(臺灣東部海域)
083   ,2024-04-03 17:53:09,121.665,24.0058,4.7,35.9,3,花蓮縣政府東北東方  4.8  公里 (位於花蓮縣近海)(花蓮縣近海)
小區域有感地震,2024-04-03 17:44:45,121.672,24.1922,4.0,25.5,2,花蓮縣政府北北東方  22.9  公里 (位於花蓮縣近海)(花蓮縣近海)
小區域有感地震,2024-04-03 17:42:03,121.755,24.2217,3.4,13.4,1,花蓮縣政府北北東方  29.0  公里 (位於花蓮縣近海)(花蓮縣近海)
082   ,2024-04-03 17:40:38,121.636,24.0812,4.3,15.0,3,花蓮縣政府北方  10.1  公里 (位於花蓮縣近海)(花蓮縣近海)
小區域有感地震,2024-04-03 17:38:02,121.686,24.1183,3.6,40.0,2,花蓮縣政府北北東方  15.6  公里 (位於花蓮縣近海)(花蓮縣近海)
小區域有感地震,2024-04-03 17:36:36,121.733,24.1955,3.2,15.8,2,花蓮縣政府北北東方  25.4  公里 (位於花蓮縣近海)(花蓮縣近海)
小區域有感地震,2024-04-03 17:34:08,121.601,23.7957,4.1,37.6,1,花蓮縣政府南方  21.7  公里 (位於花蓮縣近海)(花蓮縣近海)
小區域有感地震,2024-04-03 17:31:53,121.711,24.2607,3.9,13.6,4,花蓮縣政府北北東方  31.3  公里 (位於花蓮縣秀林鄉)(花蓮縣秀林鄉)
081   ,2024-04-03 17:28:51,121.75,24.2118,4.2,12.6,3,花蓮縣政府北北東方  27.8  公里 (位於花蓮縣近海)(花蓮縣近海)
小區域有感地震,2024-04-03 17:23:19,121.788,24.2225,4.1,8.8,3,花蓮縣政府東北方  30.8  公里 (位於臺灣東部海域)(臺灣東部海域)
080   ,2024-04-03 17:22:39,121.535,23.7788,4.2,16.4,3,花蓮縣政府南南西方  25.1  公里 (位於花蓮縣壽豐鄉)(花蓮縣壽豐鄉)
079   ,2024-04-03 17:20:09,121.694,23.9838,4.6,35.2,3,花蓮縣政府東方  7.6  公里 (位於花蓮縣近海)(花蓮縣近海)
小區域有感地震,2024-04-03 17:18:37,121.628,24.191,4.1,29.2,2,花蓮縣政府北方  22.2  公里 (位於花蓮縣秀林鄉)(花蓮縣秀林鄉)
小區域有感地震,2024-04-03 17:16:28,121.563,23.8458,3.9,22.8,2,花蓮縣政府南南西方  17.1  公里 (位於花蓮縣壽豐鄉)(花蓮縣壽豐鄉)
078   ,2024-04-03 17:15:02,121.613,23.9633,4.6,26.9,3,花蓮縣政府南南西方  3.1  公里 (位於花蓮縣近海)(花蓮縣近海)
077   ,2024-04-03 17:08:18,121.528,23.742,4.2,18.7,3,花蓮縣政府南南西方  29.1  公里 (位於花蓮縣壽豐鄉)(花蓮縣壽豐鄉)
小區域有感地震,2024-04-03 17:08:04,121.646,24.1033,4.2,14.8,3,花蓮縣政府北北東方  12.7  公里 (位於花蓮縣近海)(花蓮縣近海)
小區域有感地震,2024-04-03 17:05:23,121.744,24.2483,3.5,16.9,2,花蓮縣政府北北東方  31.2  公里 (位於花蓮縣近海)(花蓮縣近海)
小區域有感地震,2024-04-03 16:57:29,121.564,23.923,3.6,8.4,3,花蓮縣政府西南方  9.5  公里 (位於花蓮縣壽豐鄉)(花蓮縣壽豐鄉)
076   ,2024-04-03 16:56:29,121.631,24.0667,4.8,14.9,4,花蓮縣政府北方  8.5  公里 (位於花蓮縣近海)(花蓮縣近海)
小區域有感地震,2024-04-03 16:53:05,121.56,23.9067,3.5,9.9,2,花蓮縣政府西南方  11.2  公里 (位於花蓮縣壽豐鄉)(花蓮縣壽豐鄉)
小區域有感地震,2024-04-03 16:50:37,121.714,24.2698,3.5,13.4,3,花蓮縣政府北北東方  32.3  公里 (位於花蓮縣秀林鄉)(花蓮縣秀林鄉)
小區域有感地震,2024-04-03 16:44:16,121.705,24.2645,3.9,13.2,4,花蓮縣政府北北東方  31.5  公里 (位於花蓮縣秀林鄉)(花蓮縣秀林鄉)
小區域有感地震,2024-04-03 16:43:04,121.535,23.783,3.7,9.1,3,花蓮縣政府南南西方  24.6  公里 (位於花蓮縣壽豐鄉)(花蓮縣壽豐鄉)
小區域有感地震,2024-04-03 16:40:03,121.744,24.2893,3.4,14.7,3,花蓮縣政府北北東方  35.4  公里 (位於花蓮縣秀林鄉)(花蓮縣秀林鄉)
075   ,2024-04-03 16:38:01,121.526,23.7477,5.0,18.5,4,花蓮縣政府南南西方  28.6  公里 (位於花蓮縣壽豐鄉)(花蓮縣壽豐鄉)
小區域有感地震,2024-04-03 16:35:59,121.753,24.1043,4.2,26.7,3,花蓮縣政府東北方  18.4  公里 (位於臺灣東部海域)(臺灣東部海域)
小區域有感地震,2024-04-03 16:28:14,121.674,24.1123,4.5,42.4,2,花蓮縣政府北北東方  14.5  公里 (位於花蓮縣近海)(花蓮縣近海)
小區域有感地震,2024-04-03 16:28:02,121.8,24.2492,4.0,15.4,2,花蓮縣政府東北方  33.9  公里 (位於花蓮縣近海)(花蓮縣近海)
小區域有感地震,2024-04-03 16:26:52,121.847,24.1765,3.8,24.3,2,花蓮縣政府東北方  30.9  公里 (位於臺灣東部海域)(臺灣東部海域)
074   ,2024-04-03 16:17:12,121.633,24.032,4.9,23.6,4,花蓮縣政府北北東方  4.7  公里 (位於花蓮縣近海)(花蓮縣近海)
小區域有感地震,2024-04-03 16:15:35,121.713,24.1635,3.8,20.4,3,花蓮縣政府北北東方  21.3  公里 (位於花蓮縣近海)(花蓮縣近海)
小區域有感地震,2024-04-03 16:13:57,121.664,23.9932,4.4,37.6,2,花蓮縣政府東方  4.5  公里 (位於花蓮縣近海)(花蓮縣近海)
小區域有感地震,2024-04-03 16:11:59,121.724,24.1732,3.8,15.8,2,花蓮縣政府北北東方  22.8  公里 (位於花蓮縣近海)(花蓮縣近海)
小區域有感地震,2024-04-03 16:09:47,121.548,23.7677,4.6,22.5,3,花蓮縣政府南南西方  25.8  公里 (位於花蓮縣壽豐鄉)(花蓮縣壽豐鄉)
小區域有感地震,2024-04-03 15:52:45,121.605,23.9777,3.9,30.4,2,花蓮縣政府西南方  2.2  公里 (位於花蓮縣花蓮市)(花蓮縣花蓮市)
小區域有感地震,2024-04-03 15:51:43,121.706,24.0422,3.9,29.1,2,花蓮縣政府東北東方  10.4  公里 (位於花蓮縣近海)(花蓮縣近海)
小區域有感地震,2024-04-03 15:51:13,121.73,24.2605,3.3,14.0,2,花蓮縣政府北北東方  31.9  公里 (位於花蓮縣秀林鄉)(花蓮縣秀林鄉)
小區域有感地震,2024-04-03 15:46:53,121.666,24.1687,3.7,36.9,2,花蓮縣政府北北東方  20.2  公里 (位於花蓮縣近海)(花蓮縣近海)
小區域有感地震,2024-04-03 15:33:28,121.753,24.2552,3.9,15.1,4,花蓮縣政府北北東方  32.2  公里 (位於花蓮縣近海)(花蓮縣近海)
小區域有感地震,2024-04-03 15:31:18,121.749,24.1392,4.5,30.7,3,花蓮縣政府東北方  21.0  公里 (位於花蓮縣近海)(花蓮縣近海)
073   ,2024-04-03 15:24:47,121.587,23.9903,4.5,13.7,4,花蓮縣政府西方  3.4  公里 (位於花蓮縣吉安鄉)(花蓮縣吉安鄉)
小區域有感地震,2024-04-03 15:24:22,121.714,24.1783,3.3,15.2,2,花蓮縣政府北北東方  22.8  公里 (位於花蓮縣近海)(花蓮縣近海)
小區域有感地震,2024-04-03 15:16:59,121.545,23.763,4.2,21.1,2,花蓮縣政府南南西方  26.4  公里 (位於花蓮縣壽豐鄉)(花蓮縣壽豐鄉)
小區域有感地震,2024-04-03 15:15:07,121.619,23.9582,3.5,28.7,3,花蓮縣政府南方  3.6  公里 (位於花蓮縣近海)(花蓮縣近海)
小區域有感地震,2024-04-03 15:13:09,121.716,24.3028,4.1,25.8,2,花蓮縣政府北北東方  35.9  公里 (位於花蓮縣秀林鄉)(花蓮縣秀林鄉)
小區域有感地震,2024-04-03 15:11:52,121.543,23.7975,3.7,17.8,2,花蓮縣政府南南西方  22.8  公里 (位於花蓮縣壽豐鄉)(花蓮縣壽豐鄉)
小區域有感地震,2024-04-03 15:08:36,121.635,24.0548,4.0,27.5,1,花蓮縣政府北北東方  7.2  公里 (位於花蓮縣近海)(花蓮縣近海)
072   ,2024-04-03 15:05:19,121.692,24.2405,4.6,11.5,4,花蓮縣政府北北東方  28.6  公里 (位於花蓮縣秀林鄉)(花蓮縣秀林鄉)
小區域有感地震,2024-04-03 14:55:31,121.899,24.0717,3.6,18.3,1,花蓮縣政府東北東方  29.7  公里 (位於臺灣東部海域)(臺灣東部海域)
小區域有感地震,2024-04-03 14:47:07,121.526,23.7528,3.7,18.7,2,花蓮縣政府南南西方  28.1  公里 (位於花蓮縣壽豐鄉)(花蓮縣壽豐鄉)
小區域有感地震,2024-04-03 14:46:03,121.726,24.1707,4.1,16.2,3,花蓮縣政府北北東方  22.6  公里 (位於花蓮縣近海)(花蓮縣近海)
小區域有感地震,2024-04-03 14:44:22,121.75,24.0062,4.2,25.5,3,花蓮縣政府東方  13.3  公里 (位於臺灣東部海域)(臺灣東部海域)
小區域有感地震,2024-04-03 14:43:34,121.625,23.9647,3.9,29.5,2,花蓮縣政府南方  3.0  公里 (位於花蓮縣近海)(花蓮縣近海)
071   ,2024-04-03 14:33:57,121.888,24.201,4.9,11.3,3,花蓮縣政府東北方  35.8  公里 (位於臺灣東部海域)(臺灣東部海域)
小區域有感地震,2024-04-03 14:32:40,121.603,23.8408,4.2,38.1,1,花蓮縣政府南方  16.7  公里 (位於花蓮縣近海)(花蓮縣近海)
070   ,2024-04-03 14:31:34,121.522,23.91,4.8,11.3,4,花蓮縣政府西南方  13.4  公里 (位於花蓮縣壽豐鄉)(花蓮縣壽豐鄉)
小區域有感地震,2024-04-03 14:30:30,121.594,24.0107,3.8,22.8,2,花蓮縣政府西北方  3.4  公里 (位於花蓮縣花蓮市)(花蓮縣花蓮市)
069   ,2024-04-03 14:28:46,120.284,23.4623,4.2,16.4,4,嘉義縣政府西北西方  1.0  公里 (位於嘉義縣朴子市)(嘉義縣朴子市)
小區域有感地震,2024-04-03 14:21:32,121.711,24.0397,3.6,32.2,2,花蓮縣政府東北東方  10.7  公里 (位於花蓮縣近海)(花蓮縣近海)
小區域有感地震,2024-04-03 14:20:24,121.691,24.0033,3.8,32.6,2,花蓮縣政府東方  7.4  公里 (位於花蓮縣近海)(花蓮縣近海)
小區域有感地震,2024-04-03 14:19:48,121.83,24.1898,4.2,23.8,2,花蓮縣政府東北方  30.7  公里 (位於臺灣東部海域)(臺灣東部海域)
小區域有感地震,2024-04-03 14:14:55,121.671,24.1548,3.9,17.5,3,花蓮縣政府北北東方  18.9  公里 (位於花蓮縣近海)(花蓮縣近海)
068   ,2024-04-03 14:10:09,121.669,24.1578,4.8,18.0,3,花蓮縣政府北北東方  19.1  公里 (位於花蓮縣近海)(花蓮縣近海)
067   ,2024-04-03 14:09:24,121.671,24.157,4.3,17.1,3,花蓮縣政府北北東方  19.1  公里 (位於花蓮縣近海)(花蓮縣近海)
小區域有感地震,2024-04-03 14:06:07,121.794,24.0065,3.8,24.0,2,花蓮縣政府東方  17.8  公里 (位於臺灣東部海域)(臺灣東部海域)
小區域有感地震,2024-04-03 14:00:17,121.565,23.7958,3.8,21.3,2,花蓮縣政府南南西方  22.3  公里 (位於花蓮縣近海)(花蓮縣近海)
小區域有感地震,2024-04-03 13:59:43,121.763,24.2345,3.3,13.1,2,花蓮縣政府北北東方  30.6  公里 (位於花蓮縣近海)(花蓮縣近海)
小區域有感地震,2024-04-03 13:54:29,121.552,23.803,3.7,20.8,1,花蓮縣政府南南西方  21.9  公里 (位於花蓮縣壽豐鄉)(花蓮縣壽豐鄉)
小區域有感地震,2024-04-03 13:50:31,121.666,24.1487,4.0,36.7,1,花蓮縣政府北北東方  18.1  公里 (位於花蓮縣近海)(花蓮縣近海)
小區域有感地震,2024-04-03 13:45:51,121.526,23.7547,3.6,16.3,2,花蓮縣政府南南西方  27.9  公里 (位於花蓮縣壽豐鄉)(花蓮縣壽豐鄉)
小區域有感地震,2024-04-03 13:44:18,121.625,24.0212,3.3,14.1,2,花蓮縣政府北方  3.4  公里 (位於花蓮縣花蓮市)(花蓮縣花蓮市)
小區域有感地震,2024-04-03 13:41:18,121.714,24.2357,3.7,16.5,3,花蓮縣政府北北東方  28.7  公里 (位於花蓮縣近海)(花蓮縣近海)
066   ,2024-04-03 13:38:42,121.566,23.929,4.1,7.6,4,花蓮縣政府西南方  8.8  公里 (位於花蓮縣吉安鄉)(花蓮縣吉安鄉)
小區域有感地震,2024-04-03 13:34:44,121.687,24.1747,3.6,10.5,3,花蓮縣政府北北東方  21.4  公里 (位於花蓮縣近海)(花蓮縣近海)
065   ,2024-04-03 13:33:21,121.746,24.2065,4.4,9.6,4,花蓮縣政府北北東方  27.1  公里 (位於花蓮縣近海)(花蓮縣近海)
064   ,2024-04-03 13:28:04,121.676,24.1937,4.8,7.4,4,花蓮縣政府北北東方  23.1  公里 (位於花蓮縣近海)(花蓮縣近海)
063   ,2024-04-03 13:23:52,121.668,24.1057,5.1,41.0,4,花蓮縣政府北北東方  13.6  公里 (位於花蓮縣近海)(花蓮縣近海)
062   ,2024-04-03 13:22:07,121.564,23.9315,3.9,9.5,3,花蓮縣政府西南方  8.7  公里 (位於花蓮縣吉安鄉)(花蓮縣吉安鄉)
小區域有感地震,2024-04-03 13:14:22,121.557,23.8023,3.6,19.8,2,花蓮縣政府南南西方  21.9  公里 (位於花蓮縣壽豐鄉)(花蓮縣壽豐鄉)
小區域有感地震,2024-04-03 13:07:56,121.746,24.2713,3.8,15.1,3,花蓮縣政府北北東方  33.6  公里 (位於花蓮縣近海)(花蓮縣近海)
小區域有感地震,2024-04-03 13:00:08,121.659,24.0863,4.0,15.1,2,花蓮縣政府北北東方  11.3  公里 (位於花蓮縣近海)(花蓮縣近海)
小區域有感地震,2024-04-03 12:58:06,121.633,24.0888,4.1,14.3,3,花蓮縣政府北方  10.9  公里 (位於花蓮縣近海)(花蓮縣近海)
061   ,2024-04-03 12:56:46,121.743,24.2718,4.6,14.1,4,花蓮縣政府北北東方  33.5  公里 (位於花蓮縣近海)(花蓮縣近海)
小區域有感地震,2024-04-03 12:49:12,121.693,24.2222,3.7,5.1,3,花蓮縣政府北北東方  26.7  公里 (位於花蓮縣近海)(花蓮縣近海)
060   ,2024-04-03 12:48:43,121.72,24.2045,4.1,8.0,4,花蓮縣政府北北東方  25.7  公里 (位於花蓮縣近海)(花蓮縣近海)
小區域有感地震,2024-04-03 12:48:07,121.841,23.8282,3.9,15.9,1,花蓮縣政府東南方  28.8  公里 (位於臺灣東部海域)(臺灣東部海域)
小區域有感地震,2024-04-03 12:44:49,121.686,24.1715,3.8,10.1,4,花蓮縣政府北北東方  21.1  公里 (位於花蓮縣近海)(花蓮縣近海)
059   ,2024-04-03 12:36:10,121.639,24.0732,4.8,28.2,3,花蓮縣政府北北東方  9.3  公里 (位於花蓮縣近海)(花蓮縣近海)
小區域有感地震,2024-04-03 12:34:44,121.656,24.038,5.3,41.1,4,花蓮縣政府東北方  6.4  公里 (位於花蓮縣近海)(花蓮縣近海)
小區域有感地震,2024-04-03 12:29:20,121.676,24.034,4.0,36.1,2,花蓮縣政府東北方  7.4  公里 (位於花蓮縣近海)(花蓮縣近海)
小區域有感地震,2024-04-03 12:26:59,121.909,24.1553,4.2,34.3,2,花蓮縣政府東北東方  34.5  公里 (位於臺灣東部海域)(臺灣東部海域)
058   ,2024-04-03 12:21:16,121.683,24.1172,4.2,9.0,4,花蓮縣政府北北東方  15.4  公里 (位於花蓮縣近海)(花蓮縣近海)
小區域有感地震,2024-04-03 12:18:10,121.802,24.1997,3.7,8.1,2,花蓮縣政府東北方  29.6  公里 (位於臺灣東部海域)(臺灣東部海域)
小區域有感地震,2024-04-03 12:08:08,121.747,23.7895,4.7,18.7,4,花蓮縣政府南南東方  25.8  公里 (位於臺灣東部海域)(臺灣東部海域)
小區域有感地震,2024-04-03 12:07:33,121.652,24.074,3.6,27.0,2,花蓮縣政府北北東方  9.8  公里 (位於花蓮縣近海)(花蓮縣近海)
小區域有感地震,2024-04-03 12:06:08,121.748,24.2795,3.9,15.7,3,花蓮縣政府北北東方  34.5  公里 (位於花蓮縣近海)(花蓮縣近海)
小區域有感地震,2024-04-03 12:05:26,121.841,24.1838,3.9,23.9,2,花蓮縣政府東北方  31.0  公里 (位於臺灣東部海域)(臺灣東部海域)
小區域有感地震,2024-04-03 12:00:24,121.762,23.8218,4.3,20.8,2,花蓮縣政府東南方  23.7  公里 (位於臺灣東部海域)(臺灣東部海域)
057   ,2024-04-03 11:57:18,121.601,23.8135,5.2,27.8,4,花蓮縣政府南方  19.8  公里 (位於花蓮縣近海)(花蓮縣近海)
小區域有感地震,2024-04-03 11:53:46,121.568,23.917,3.6,9.8,3,花蓮縣政府西南方  9.8  公里 (位於花蓮縣吉安鄉)(花蓮縣吉安鄉)
小區域有感地震,2024-04-03 11:51:07,121.753,24.256,3.4,14.3,3,花蓮縣政府北北東方  32.3  公里 (位於花蓮縣近海)(花蓮縣近海)
056   ,2024-04-03 11:45:37,121.739,23.7937,4.9,21.6,3,花蓮縣政府南南東方  25.0  公里 (位於臺灣東部海域)(臺灣東部海域)
小區域有感地震,2024-04-03 11:43:54,121.652,24.1052,4.1,14.2,3,花蓮縣政府北北東方  13.1  公里 (位於花蓮縣近海)(花蓮縣近海)
小區域有感地震,2024-04-03 11:39:19,121.663,24.1652,3.7,31.2,1,花蓮縣政府北北東方  19.8  公里 (位於花蓮縣近海)(花蓮縣近海)
055   ,2024-04-03 11:37:06,121.57,23.921,4.2,11.1,4,花蓮縣政府西南方  9.3  公里 (位於花蓮縣吉安鄉)(花蓮縣吉安鄉)
小區域有感地震,2024-04-03 11:34:40,121.675,24.032,3.8,30.8,2,花蓮縣政府東北方  7.2  公里 (位於花蓮縣近海)(花蓮縣近海)
小區域有感地震,2024-04-03 11:27:52,121.861,24.1888,3.6,23.1,1,花蓮縣政府東北方  32.8  公里 (位於臺灣東部海域)(臺灣東部海域)
小區域有感地震,2024-04-03 11:24:12,121.784,24.2193,3.1,8.0,1,花蓮縣政府東北方  30.3  公里 (位於花蓮縣近海)(花蓮縣近海)
054   ,2024-04-03 11:22:04,121.673,24.1808,4.4,12.4,4,花蓮縣政府北北東方  21.7  公里 (位於花蓮縣近海)(花蓮縣近海)
053   ,2024-04-03 11:20:55,121.642,24.162,5.2,32.8,4,花蓮縣政府北方  19.1  公里 (位於花蓮縣秀林鄉)(花蓮縣秀林鄉)
小區域有感地震,2024-04-03 11:14:41,121.923,24.047,4.5,18.0,2,花蓮縣政府東方  31.4  公里 (位於臺灣東部海域)(臺灣東部海域)
052   ,2024-04-03 11:12:30,121.654,23.8665,4.7,31.9,3,花蓮縣政府南南東方  14.2  公里 (位於花蓮縣近海)(花蓮縣近海)
051   ,2024-04-03 11:11:42,121.672,24.1282,4.2,17.4,3,花蓮縣政府北北東方  16.1  公里 (位於花蓮縣近海)(花蓮縣近海)
050   ,2024-04-03 11:01:41,121.771,24.1602,4.5,31.4,3,花蓮縣政府東北方  24.2  公里 (位於臺灣東部海域)(臺灣東部海域)
小區域有感地震,2024-04-03 11:00:13,121.659,24.0725,4.0,27.0,2,花蓮縣政府北北東方  9.8  公里 (位於花蓮縣近海)(花蓮縣近海)
小區域有感地震,2024-04-03 10:54:01,121.661,23.9705,4.4,37.8,2,花蓮縣政府東南東方  4.7  公里 (位於花蓮縣近海)(花蓮縣近海)
小區域有感地震,2024-04-03 10:53:00,121.615,24.0898,4.0,28.1,2,花蓮縣政府北方  11.0  公里 (位於花蓮縣近海)(花蓮縣近海)
小區域有感地震,2024-04-03 10:44:56,121.875,24.2382,4.2,26.5,2,花蓮縣政府東北方  37.7  公里 (位於臺灣東部海域)(臺灣東部海域)
小區域有感地震,2024-04-03 10:41:49,121.716,24.246,3.6,8.5,2,花蓮縣政府北北東方  29.9  公里 (位於花蓮縣秀林鄉)(花蓮縣秀林鄉)
小區域有感地震,2024-04-03 10:39:23,121.653,24.205,4.4,30.3,2,花蓮縣政府北方  23.9  公里 (位於花蓮縣秀林鄉)(花蓮縣秀林鄉)
小區域有感地震,2024-04-03 10:36:43,121.939,24.1685,4.3,29.2,2,花蓮縣政府東北東方  37.9  公里 (位於臺灣東部海域)(臺灣東部海域)
小區域有感地震,2024-04-03 10:36:17,121.605,23.8242,3.9,37.6,1,花蓮縣政府南方  18.5  公里 (位於花蓮縣近海)(花蓮縣近海)
049   ,2024-04-03 10:35:07,121.655,24.0877,4.0,15.1,3,花蓮縣政府北北東方  11.3  公里 (位於花蓮縣近海)(花蓮縣近海)
小區域有感地震,2024-04-03 10:33:14,121.608,23.9615,3.9,27.6,2,花蓮縣政府南南西方  3.5  公里 (位於花蓮縣近海)(花蓮縣近海)
小區域有感地震,2024-04-03 10:28:27,121.797,24.2247,5.4,24.3,4,花蓮縣政府東北方  31.5  公里 (位於花蓮縣近海)(花蓮縣近海)
048   ,2024-04-03 10:28:17,121.786,24.2053,5.3,9.3,4,花蓮縣政府東北方  29.1  公里 (位於臺灣東部海域)(臺灣東部海域)
047   ,2024-04-03 10:23:25,121.656,24.1483,5.0,18.1,4,花蓮縣政府北北東方  17.8  公里 (位於花蓮縣近海)(花蓮縣近海)
046   ,2024-04-03 10:20:37,121.626,23.929,4.5,36.6,3,花蓮縣政府南方  6.9  公里 (位於花蓮縣近海)(花蓮縣近海)
小區域有感地震,2024-04-03 10:16:04,121.952,24.1308,5.0,24.8,3,花蓮縣政府東北東方  37.1  公里 (位於臺灣東部海域)(臺灣東部海域)
045   ,2024-04-03 10:14:34,121.976,24.1468,6.2,26.9,4,花蓮縣政府東北東方  40.1  公里 (位於臺灣東部海域)(臺灣東部海域)
044   ,2024-04-03 10:13:39,121.794,24.2263,4.9,9.6,3,花蓮縣政府東北方  31.5  公里 (位於花蓮縣近海)(花蓮縣近海)
043   ,2024-04-03 09:53:58,121.544,23.8707,5.2,15.9,4,花蓮縣政府南南西方  15.4  公里 (位於花蓮縣壽豐鄉)(花蓮縣壽豐鄉)
042   ,2024-04-03 09:49:41,121.811,23.7737,5.2,15.5,3,花蓮縣政府東南方  30.9  公里 (位於臺灣東部海域)(臺灣東部海域)
041   ,2024-04-03 09:45:44,121.678,24.1213,4.1,8.7,3,花蓮縣政府北北東方  15.6  公里 (位於花蓮縣近海)(花蓮縣近海)
小區域有感地震,2024-04-03 09:39:48,121.814,23.7948,5.9,13.9,4,花蓮縣政府東南方  29.4  公里 (位於臺灣東部海域)(臺灣東部海域)
040   ,2024-04-03 09:39:37,121.773,23.8047,5.6,20.4,4,花蓮縣政府東南方  25.9  公里 (位於臺灣東部海域)(臺灣東部海域)
小區域有感地震,2024-04-03 09:30:36,121.69,23.6707,3.8,32.1,2,花蓮縣政府南南東方  36.2  公里 (位於臺灣東部海域)(臺灣東部海域)
小區域有感地震,2024-04-03 09:23:26,121.812,23.976,4.0,24.0,2,花蓮縣政府東方  19.6  公里 (位於臺灣東部海域)(臺灣東部海域)
039   ,2024-04-03 09:17:43,121.671,24.0422,5.2,35.7,4,花蓮縣政府東北方  7.6  公里 (位於花蓮縣近海)(花蓮縣近海)
038   ,2024-04-03 09:16:23,121.887,24.2118,4.4,23.7,3,花蓮縣政府東北方  36.5  公里 (位於臺灣東部海域)(臺灣東部海域)
037   ,2024-04-03 09:15:35,121.688,24.1398,4.4,37.1,3,花蓮縣政府北北東方  17.9  公里 (位於花蓮縣近海)(花蓮縣近海)
036   ,2024-04-03 09:13:12,121.673,24.0497,4.9,37.8,3,花蓮縣政府東北方  8.4  公里 (位於花蓮縣近海)(花蓮縣近海)
035   ,2024-04-03 09:11:17,121.69,24.0802,4.3,28.1,3,花蓮縣政府東北方  12.2  公里 (位於花蓮縣近海)(花蓮縣近海)
小區域有感地震,2024-04-03 09:09:37,121.689,24.182,5.4,9.7,4,花蓮縣政府北北東方  22.3  公里 (位於花蓮縣近海)(花蓮縣近海)
034   ,2024-04-03 09:09:27,121.772,24.1068,5.0,27.5,4,花蓮縣政府東北方  20.1  公里 (位於臺灣東部海域)(臺灣東部海域)
小區域有感地震,2024-04-03 09:08:17,121.629,23.9215,4.5,36.1,2,花蓮縣政府南方  7.8  公里 (位於花蓮縣近海)(花蓮縣近海)
033   ,2024-04-03 09:07:16,121.702,24.0498,5.0,21.8,4,花蓮縣政府東北方  10.5  公里 (位於花蓮縣近海)(花蓮縣近海)
小區域有感地震,2024-04-03 09:06:11,121.652,23.97,4.4,38.3,2,花蓮縣政府東南東方  4.0  公里 (位於花蓮縣近海)(花蓮縣近海)
小區域有感地震,2024-04-03 09:02:53,121.557,23.8057,3.7,18.3,2,花蓮縣政府南南西方  21.5  公里 (位於花蓮縣壽豐鄉)(花蓮縣壽豐鄉)
032   ,2024-04-03 08:54:09,121.609,23.8057,4.9,37.5,3,花蓮縣政府南方  20.6  公里 (位於花蓮縣近海)(花蓮縣近海)
小區域有感地震,2024-04-03 08:53:05,121.669,24.087,4.0,37.3,2,花蓮縣政府北北東方  11.7  公里 (位於花蓮縣近海)(花蓮縣近海)
031   ,2024-04-03 08:50:46,121.572,23.8293,5.5,20.5,4,花蓮縣政府南南西方  18.6  公里 (位於花蓮縣壽豐鄉)(花蓮縣壽豐鄉)
小區域有感地震,2024-04-03 08:50:04,121.62,23.8317,4.7,39.6,2,花蓮縣政府南方  17.6  公里 (位於花蓮縣近海)(花蓮縣近海)
小區域有感地震,2024-04-03 08:46:51,121.617,24.1738,5.4,10.8,4,花蓮縣政府北方  20.3  公里 (位於花蓮縣秀林鄉)(花蓮縣秀林鄉)
030   ,2024-04-03 08:46:44,121.7,24.1853,5.6,6.1,4,花蓮縣政府北北東方  23.0  公里 (位於花蓮縣近海)(花蓮縣近海)
小區域有感地震,2024-04-03 08:43:55,121.543,23.9857,5.4,9.5,4,花蓮縣政府西方  7.9  公里 (位於花蓮縣吉安鄉)(花蓮縣吉安鄉)
029   ,2024-04-03 08:41:04,121.615,23.966,4.6,26.4,3,花蓮縣政府南南西方  2.8  公里 (位於花蓮縣近海)(花蓮縣近海)
028   ,2024-04-03 08:39:41,121.743,24.249,4.7,10.3,4,花蓮縣政府北北東方  31.2  公里 (位於花蓮縣近海)(花蓮縣近海)
027   ,2024-04-03 08:37:04,121.56,23.9637,4.9,12.7,4,花蓮縣政府西南西方  6.8  公里 (位於花蓮縣吉安鄉)(花蓮縣吉安鄉)
026   ,2024-04-03 08:35:36,121.706,24.2005,5.7,7.3,4,花蓮縣政府北北東方  24.8  公里 (位於花蓮縣近海)(花蓮縣近海)
小區域有感地震,2024-04-03 08:31:14,121.599,23.9222,5.2,25.1,4,花蓮縣政府南南西方  7.9  公里 (位於花蓮縣壽豐鄉)(花蓮縣壽豐鄉)
025   ,2024-04-03 08:30:57,121.85,24.1973,4.2,5.9,4,花蓮縣政府東北方  32.7  公里 (位於臺灣東部海域)(臺灣東部海域)
小區域有感地震,2024-04-03 08:29:04,121.712,24.1373,4.1,32.7,2,花蓮縣政府北北東方  18.7  公里 (位於花蓮縣近海)(花蓮縣近海)
024   ,2024-04-03 08:27:02,121.571,23.8275,4.9,22.5,3,花蓮縣政府南南西方  18.8  公里 (位於花蓮縣壽豐鄉)(花蓮縣壽豐鄉)
小區域有感地震,2024-04-03 08:25:16,121.587,24.0127,4.4,11.3,3,花蓮縣政府西北西方  4.2  公里 (位於花蓮縣花蓮市)(花蓮縣花蓮市)
023   ,2024-04-03 08:23:39,121.614,23.9673,4.4,42.3,2,花蓮縣政府南南西方  2.7  公里 (位於花蓮縣近海)(花蓮縣近海)
小區域有感地震,2024-04-03 08:19:15,121.572,24.0125,3.9,10.2,3,花蓮縣政府西北西方  5.5  公里 (位於花蓮縣秀林鄉)(花蓮縣秀林鄉)
小區域有感地震,2024-04-03 08:18:27,121.59,23.9172,4.6,26.2,3,花蓮縣政府南南西方  8.7  公里 (位於花蓮縣壽豐鄉)(花蓮縣壽豐鄉)
022   ,2024-04-03 08:17:37,121.699,24.036,5.4,31.1,4,花蓮縣政府東北東方  9.5  公里 (位於花蓮縣近海)(花蓮縣近海)
小區域有感地震,2024-04-03 08:12:54,121.645,24.1577,5.2,7.7,4,花蓮縣政府北方  18.6  公里 (位於花蓮縣秀林鄉)(花蓮縣秀林鄉)
021   ,2024-04-03 08:11:26,121.651,24.13,6.5,13.4,5弱,花蓮縣政府北北東方  15.7  公里 (位於花蓮縣近海)(花蓮縣近海)
小區域有感地震,2024-04-03 08:07:22,121.568,23.8295,4.4,19.8,2,花蓮縣政府南南西方  18.6  公里 (位於花蓮縣壽豐鄉)(花蓮縣壽豐鄉)
小區域有感地震,2024-04-03 08:04:44,121.686,24.1603,5.1,36.7,3,花蓮縣政府北北東方  19.9  公里 (位於花蓮縣近海)(花蓮縣近海)
小區域有感地震,2024-04-03 08:03:47,121.663,23.967,5.0,33.0,3,花蓮縣政府東南東方  5.1  公里 (位於花蓮縣近海)(花蓮縣近海)
小區域有感地震,2024-04-03 08:02:23,121.659,24.1727,5.0,33.3,2,花蓮縣政府北北東方  20.5  公里 (位於花蓮縣近海)(花蓮縣近海)
小區域有感地震,2024-04-03 08:01:51,121.659,24.0083,5.4,37.0,2,花蓮縣政府東北東方  4.4  公里 (位於花蓮縣近海)(花蓮縣近海)
020   ,2024-04-03 08:00:19,121.585,23.8075,5.7,30.7,3,花蓮縣政府南方  20.6  公里 (位於花蓮縣近海)(花蓮縣近海)
019   ,2024-04-03 07:58:09,121.574,23.8757,7.1,19.7,6強,花蓮縣政府南南西方  13.6  公里 (位於花蓮縣壽豐鄉)(花蓮縣壽豐鄉)
小區域有感地震,2024-04-03 03:33:58,120.212,23.3702,3.5,15.5,3,嘉義縣政府西南方  12.8  公里 (位於嘉義縣義竹鄉)(嘉義縣義竹鄉)
018   ,2024-04-03 03:26:32,120.211,23.3638,4.9,10.6,4,嘉義縣政府西南方  13.5  公里 (位於嘉義縣義竹鄉)(嘉義縣義竹鄉)
小區域有感地震,2024-04-01 15:01:05,120.207,23.3612,3.2,9.8,2,嘉義縣政府西南方  14.0  公里 (位於嘉義縣義竹鄉)(嘉義縣義竹鄉)
小區域有感地震,2024-04-01 14:57:43,120.212,23.358,3.1,9.3,2,嘉義縣政府西南方  13.9  公里 (位於嘉義縣義竹鄉)(嘉義縣義竹鄉)
小區域有感地震,2024-04-01 14:54:23,120.211,23.3655,3.1,10.7,2,嘉義縣政府西南方  13.3  公里 (位於嘉義縣義竹鄉)(嘉義縣義竹鄉)
017   ,2024-04-01 14:51:24,120.195,23.365,4.3,12.1,4,嘉義縣政府西南方  14.4  公里 (位於嘉義縣義竹鄉)(嘉義縣義竹鄉)
